{"type":"FeatureCollection","features":[{"type":"Feature","properties":{"ADM1_EN":"Bangkok","ADM1_TH":"กรุงเทพมหานคร","ADM1_PCODE":"TH10","ADM0_EN":"Thailand","ADM0_TH":"ประเทศไทย"},"geometry":{"type":"MultiPolygon","coordinates":[[[[100.613889,13.954619],[100.641231,13.931343],[100.689731,13.931053],[100.686953,13.916254],[100.7526,13.918468],[100.792599,13.931545],[100.913983,13.946491],[100.904205,13.848423],[100.907549,13.838105],[100.938513,13.814252],[100.909795,13.790479],[100.855069,13.699273],[100.859347,13.68956],[100.787952,13.716605],[100.709994,13.716782],[100.712385,13.70129],[100.698271,13.656329],[100.655375,13.672242],[100.64971,13.652505],[100.616374,13.652675],[100.579458,13.669223],[100.587436,13.692295],[100.561167,13.706054],[100.551336,13.698851],[100.548704,13.67404],[100.523401,13.677883],[100.514283,13.628666],[100.521038,13.605142],[100.491178,13.586166],[100.47693,13.602955],[100.454573,13.605104],[100.444466,13.553151],[100.453693,13.50198],[100.408838,13.49339],[100.406326,13.535797],[100.42009,13.545241],[100.415214,13.557152],[100.39586,13.55346],[100.37852,13.594382],[100.376482,13.619703],[100.345449,13.644725],[100.330709,13.699665],[100.337486,13.733909],[100.330112,13.762374],[100.327912,13.804126],[100.45809,13.798324],[100.466177,13.788917],[100.50009,13.800233],[100.515255,13.813275],[100.506329,13.819448],[100.543629,13.849628],[100.56764,13.951587],[100.605677,13.9441],[100.613889,13.954619],[100.613889,13.954619]]]]}},{"type":"Feature","properties":{"ADM1_EN":"Samut Prakan","ADM1_TH":"สมุทรปราการ","ADM1_PCODE":"TH11","ADM0_EN":"Thailand","ADM0_TH":"ประเทศไทย"},"geometry":{"type":"MultiPolygon","coordinates":[[[[100.730592,13.717132],[100.787952,13.716605],[100.859347,13.68956],[100.860767,13.696903],[100.955821,13.66238],[100.959741,13.632997],[100.923614,13.593797],[100.90714,13.592049],[100.914974,13.570946],[100.904037,13.554101],[100.890057,13.56461],[100.879529,13.548177],[100.869614,13.488217],[100.848216,13.4803],[100.790778,13.493012],[100.776576,13.490542],[100.708255,13.504347],[100.681196,13.506234],[100.631174,13.520639],[100.611889,13.5389],[100.588117,13.534079],[100.57244,13.51494],[100.453693,13.50198],[100.444466,13.553151],[100.454573,13.605104],[100.475412,13.602064],[100.491178,13.586166],[100.521038,13.605142],[100.514283,13.628666],[100.523401,13.677883],[100.548704,13.67404],[100.551336,13.698851],[100.561167,13.706054],[100.587436,13.692295],[100.579458,13.669223],[100.616374,13.652675],[100.64971,13.652505],[100.655375,13.672242],[100.698271,13.656329],[100.712385,13.70129],[100.709994,13.716782],[100.730592,13.717132],[100.730592,13.717132]]]]}},{"type":"Feature","properties":{"ADM1_EN":"Nonthaburi","ADM1_TH":"นนทบุรี","ADM1_PCODE":"TH12","ADM0_EN":"Thailand","ADM0_TH":"ประเทศไทย"},"geometry":{"type":"MultiPolygon","coordinates":[[[[100.341499,14.100787],[100.331643,14.056341],[100.355761,14.000446],[100.434404,13.981277],[100.453476,13.967343],[100.460612,13.976449],[100.491283,13.941033],[100.532894,13.945963],[100.542101,13.953569],[100.567548,13.951203],[100.543629,13.849628],[100.506329,13.819448],[100.515255,13.813275],[100.50009,13.800233],[100.466177,13.788917],[100.45809,13.798324],[100.327912,13.804126],[100.276123,13.91294],[100.265449,13.920607],[100.29822,13.963371],[100.274077,13.982784],[100.264066,14.010168],[100.276865,14.023852],[100.264161,14.060159],[100.272363,14.068336],[100.281781,14.127013],[100.300024,14.140222],[100.333147,14.128932],[100.341499,14.100787],[100.341499,14.100787]]]]}},{"type":"Feature","properties":{"ADM1_EN":"Pathum Thani","ADM1_TH":"ปทุมธานี","ADM1_PCODE":"TH13","ADM0_EN":"Thailand","ADM0_TH":"ประเทศไทย"},"geometry":{"type":"MultiPolygon","coordinates":[[[[100.891571,14.245761],[100.951118,14.271684],[100.946436,14.237135],[100.913945,14.221293],[100.914804,14.084691],[100.913983,13.946491],[100.792599,13.931545],[100.7526,13.918468],[100.686953,13.916254],[100.689731,13.931053],[100.641231,13.931343],[100.624753,13.948972],[100.604225,13.954255],[100.605677,13.9441],[100.574968,13.954322],[100.542101,13.953569],[100.532894,13.945963],[100.491283,13.941033],[100.460612,13.976449],[100.453476,13.967343],[100.434404,13.981277],[100.355761,14.000446],[100.331643,14.056341],[100.344086,14.114642],[100.48178,14.111845],[100.517731,14.130117],[100.546862,14.115774],[100.619673,14.143123],[100.693314,14.181796],[100.891545,14.275951],[100.891571,14.245761],[100.891571,14.245761]]]]}},{"type":"Feature","properties":{"ADM1_EN":"Phra Nakhon Si Ayutthaya","ADM1_TH":"พระนครศรีอยุธยา","ADM1_PCODE":"TH14","ADM0_EN":"Thailand","ADM0_TH":"ประเทศไทย"},"geometry":{"type":"MultiPolygon","coordinates":[[[[100.513086,14.6563],[100.530849,14.669386],[100.552207,14.661191],[100.580723,14.664361],[100.602285,14.655051],[100.583736,14.630155],[100.575301,14.59592],[100.603482,14.578617],[100.601845,14.554216],[100.618483,14.564282],[100.632833,14.552358],[100.657771,14.549628],[100.676354,14.558149],[100.674754,14.574371],[100.654788,14.606372],[100.685129,14.582138],[100.73079,14.569377],[100.782705,14.567033],[100.778652,14.530734],[100.749758,14.518454],[100.760478,14.494338],[100.771672,14.494142],[100.770236,14.466705],[100.761117,14.451553],[100.772361,14.434628],[100.759463,14.411728],[100.793746,14.394466],[100.775505,14.318619],[100.82318,14.329661],[100.821499,14.242746],[100.693314,14.181796],[100.606901,14.136215],[100.546862,14.115774],[100.517731,14.130117],[100.48178,14.111845],[100.441059,14.114016],[100.347875,14.11365],[100.333147,14.128932],[100.300024,14.140222],[100.279484,14.125172],[100.284139,14.169591],[100.212706,14.1788],[100.238313,14.197313],[100.231461,14.213103],[100.233651,14.241557],[100.24339,14.241038],[100.250896,14.262979],[100.250967,14.29194],[100.278505,14.320066],[100.27842,14.345916],[100.26264,14.363267],[100.27957,14.400175],[100.245797,14.43625],[100.244559,14.457058],[100.258561,14.491388],[100.285136,14.48167],[100.286273,14.498015],[100.314828,14.486879],[100.377137,14.508562],[100.412426,14.504993],[100.418711,14.487755],[100.420208,14.447148],[100.459273,14.439153],[100.496896,14.459505],[100.492348,14.4958],[100.500147,14.502363],[100.491943,14.551075],[100.480714,14.568167],[100.492651,14.578525],[100.49203,14.611278],[100.499989,14.617484],[100.503087,14.669375],[100.513086,14.6563],[100.513086,14.6563]]]]}},{"type":"Feature","properties":{"ADM1_EN":"Ang Thong","ADM1_TH":"อ่างทอง","ADM1_PCODE":"TH15","ADM0_EN":"Thailand","ADM0_TH":"ประเทศไทย"},"geometry":{"type":"MultiPolygon","coordinates":[[[[100.333193,14.798527],[100.355951,14.761521],[100.371445,14.763058],[100.392687,14.743821],[100.402881,14.759319],[100.416639,14.742338],[100.416534,14.725492],[100.437592,14.727791],[100.464043,14.720692],[100.474901,14.70351],[100.495408,14.700518],[100.504099,14.685317],[100.499989,14.617484],[100.49203,14.611278],[100.492651,14.578525],[100.480714,14.568167],[100.491943,14.551075],[100.500147,14.502363],[100.492348,14.4958],[100.496896,14.459505],[100.459273,14.439153],[100.420208,14.447148],[100.418711,14.487755],[100.412426,14.504993],[100.377137,14.508562],[100.314828,14.486879],[100.286273,14.498015],[100.285136,14.48167],[100.258561,14.491388],[100.238564,14.479954],[100.231275,14.503359],[100.211999,14.516282],[100.197023,14.555689],[100.217967,14.598066],[100.191733,14.609026],[100.210444,14.624571],[100.209326,14.637962],[100.24134,14.646066],[100.2223,14.665468],[100.223573,14.688951],[100.207565,14.715067],[100.206682,14.772945],[100.229732,14.783993],[100.226433,14.795045],[100.272479,14.799474],[100.295394,14.780794],[100.309458,14.795987],[100.333193,14.798527],[100.333193,14.798527]]]]}},{"type":"Feature","properties":{"ADM1_EN":"Lop Buri","ADM1_TH":"ลพบุรี","ADM1_PCODE":"TH16","ADM0_EN":"Thailand","ADM0_TH":"ประเทศไทย"},"geometry":{"type":"MultiPolygon","coordinates":[[[[101.345293,15.752544],[101.381257,15.736843],[101.403556,15.739026],[101.399805,15.701869],[101.388977,15.656567],[101.379327,15.637054],[101.370625,15.597884],[101.374206,15.530734],[101.385707,15.486545],[101.377825,15.433421],[101.376018,15.379125],[101.382506,15.339009],[101.380424,15.289697],[101.387172,15.231727],[101.401977,15.151967],[101.400226,15.073793],[101.381584,15.068118],[101.349209,15.012318],[101.347524,14.992821],[101.336598,14.990349],[101.329169,14.965489],[101.310814,14.960423],[101.273285,14.933555],[101.256187,14.912223],[101.235445,14.920219],[101.191375,14.920829],[101.152488,14.897228],[101.097065,14.908788],[101.081993,14.877763],[101.093792,14.85689],[101.067969,14.831076],[101.088906,14.83206],[101.068049,14.810844],[101.062829,14.791974],[101.073642,14.764592],[101.064035,14.759262],[101.049049,14.79317],[101.023881,14.809936],[100.990926,14.763098],[100.99056,14.740791],[100.966271,14.751516],[100.943557,14.740742],[100.888736,14.772899],[100.867406,14.768071],[100.864873,14.782275],[100.845805,14.789376],[100.847556,14.800934],[100.819472,14.803247],[100.793989,14.791431],[100.766656,14.796589],[100.724533,14.76006],[100.695011,14.760522],[100.665214,14.73527],[100.651294,14.710321],[100.657015,14.704448],[100.630532,14.649994],[100.608841,14.648085],[100.580723,14.664361],[100.552207,14.661191],[100.549144,14.671543],[100.513634,14.661189],[100.496124,14.676622],[100.495408,14.700518],[100.469216,14.708593],[100.463757,14.725893],[100.484686,14.739416],[100.468219,14.798216],[100.482626,14.81131],[100.454748,14.835838],[100.45898,14.855367],[100.449403,14.874142],[100.430286,14.880475],[100.421284,14.929973],[100.449171,14.942712],[100.446886,15.003178],[100.461244,15.002566],[100.46745,15.032091],[100.446712,15.055237],[100.427487,15.061087],[100.459777,15.11632],[100.474967,15.106757],[100.507048,15.130499],[100.531903,15.183632],[100.549036,15.189139],[100.590507,15.232267],[100.592544,15.247228],[100.6176,15.246487],[100.590698,15.267701],[100.593293,15.287733],[100.61268,15.296206],[100.622019,15.319047],[100.632907,15.323255],[100.63223,15.361866],[100.642207,15.372631],[100.64379,15.417494],[100.666734,15.433074],[100.679229,15.452622],[100.709508,15.440062],[100.771823,15.464885],[100.767196,15.49856],[100.745988,15.513288],[100.768962,15.533714],[100.788388,15.536945],[100.830966,15.562634],[100.851742,15.550888],[100.856393,15.531901],[100.888718,15.526057],[100.904146,15.496225],[100.928699,15.487688],[100.93213,15.466087],[100.925602,15.432978],[100.930491,15.416571],[100.947682,15.407478],[100.97483,15.416534],[100.977041,15.336501],[101.001435,15.318492],[101.026726,15.337682],[101.050944,15.320945],[101.066071,15.327917],[101.083057,15.354866],[101.085315,15.34429],[101.110096,15.325259],[101.130508,15.337985],[101.152725,15.336875],[101.172619,15.326513],[101.189274,15.329612],[101.205435,15.319422],[101.212393,15.333906],[101.274817,15.360693],[101.299017,15.380236],[101.304713,15.414955],[101.29767,15.456352],[101.307275,15.47172],[101.30429,15.519384],[101.290295,15.53697],[101.307661,15.552435],[101.31706,15.602527],[101.328486,15.605289],[101.343178,15.635643],[101.340832,15.658906],[101.360061,15.688499],[101.338119,15.718724],[101.336323,15.753022],[101.345293,15.752544],[101.345293,15.752544]]]]}},{"type":"Feature","properties":{"ADM1_EN":"Sing Buri","ADM1_TH":"สิงห์บุรี","ADM1_PCODE":"TH17","ADM0_EN":"Thailand","ADM0_TH":"ประเทศไทย"},"geometry":{"type":"MultiPolygon","coordinates":[[[[100.36907,15.089397],[100.42443,15.051635],[100.446712,15.055237],[100.46745,15.032091],[100.461244,15.002566],[100.446886,15.003178],[100.449171,14.942712],[100.421284,14.929973],[100.430286,14.880475],[100.449403,14.874142],[100.45898,14.855367],[100.456375,14.832792],[100.482626,14.81131],[100.468219,14.798216],[100.484686,14.739416],[100.475342,14.723947],[100.416534,14.725492],[100.416639,14.742338],[100.402881,14.759319],[100.392687,14.743821],[100.371445,14.763058],[100.355951,14.761521],[100.328684,14.802414],[100.298105,14.789179],[100.295394,14.780794],[100.272479,14.799474],[100.226433,14.795045],[100.204287,14.809608],[100.217954,14.84241],[100.216167,14.871664],[100.224387,14.884176],[100.207594,14.887568],[100.224203,14.903492],[100.215767,14.910325],[100.1869,14.907694],[100.182381,14.934903],[100.202695,14.953456],[100.236842,14.951957],[100.259035,14.943858],[100.288458,14.956347],[100.286188,14.9929],[100.268511,15.00965],[100.256176,15.007493],[100.245195,15.023542],[100.223944,15.024909],[100.218743,15.044284],[100.240789,15.038724],[100.259587,15.058911],[100.293571,15.064535],[100.291172,15.076798],[100.314578,15.089314],[100.354648,15.120504],[100.354644,15.096715],[100.36907,15.089397],[100.36907,15.089397]]]]}},{"type":"Feature","properties":{"ADM1_EN":"Chai Nat","ADM1_TH":"ชัยนาท","ADM1_PCODE":"TH18","ADM0_EN":"Thailand","ADM0_TH":"ประเทศไทย"},"geometry":{"type":"MultiPolygon","coordinates":[[[[100.119853,15.412432],[100.140071,15.404286],[100.143927,15.390423],[100.183239,15.379569],[100.205057,15.366651],[100.250448,15.355046],[100.260783,15.339832],[100.263356,15.314483],[100.251609,15.305847],[100.262979,15.287277],[100.268804,15.253773],[100.278447,15.249911],[100.274321,15.224309],[100.292249,15.21822],[100.298227,15.18002],[100.319657,15.158182],[100.33983,15.150623],[100.351524,15.11841],[100.314578,15.089314],[100.291172,15.076798],[100.293571,15.064535],[100.259587,15.058911],[100.240789,15.038724],[100.218743,15.044284],[100.223944,15.024909],[100.245195,15.023542],[100.256176,15.007493],[100.268511,15.00965],[100.286188,14.9929],[100.288458,14.956347],[100.259035,14.943858],[100.236842,14.951957],[100.187671,14.957931],[100.157733,14.929012],[100.12652,14.92993],[100.138173,14.937039],[100.125134,14.947392],[100.105944,14.945709],[100.08874,14.956029],[100.076121,14.95111],[100.040071,14.961137],[100.045449,14.941302],[100.041733,14.91493],[100.005766,14.907967],[99.970748,14.912807],[99.931827,14.906967],[99.88822,14.926348],[99.873791,14.923302],[99.843464,14.937365],[99.806791,14.940262],[99.742534,14.962414],[99.72377,14.962032],[99.719794,14.981597],[99.728871,14.995023],[99.769022,15.022537],[99.772588,15.055873],[99.790785,15.100284],[99.767435,15.130306],[99.771665,15.140613],[99.748918,15.165645],[99.760588,15.175384],[99.735148,15.204112],[99.727271,15.249637],[99.753521,15.29457],[99.757322,15.311857],[99.786411,15.319374],[99.831577,15.309771],[99.851429,15.311121],[99.876937,15.301926],[99.883469,15.287065],[99.917502,15.299273],[99.9586,15.306093],[99.9675,15.298514],[100.011667,15.30029],[100.036422,15.292967],[100.047663,15.264885],[100.080088,15.298326],[100.078125,15.314229],[100.100898,15.337237],[100.100677,15.346916],[100.076029,15.366471],[100.077262,15.379565],[100.100764,15.373196],[100.087916,15.410175],[100.119853,15.412432],[100.119853,15.412432]]]]}},{"type":"Feature","properties":{"ADM1_EN":"Saraburi","ADM1_TH":"สระบุรี","ADM1_PCODE":"TH19","ADM0_EN":"Thailand","ADM0_TH":"ประเทศไทย"},"geometry":{"type":"MultiPolygon","coordinates":[[[[101.399443,15.073726],[101.424781,15.01215],[101.429889,14.960025],[101.444817,14.923787],[101.454157,14.878577],[101.450157,14.857216],[101.415153,14.8444],[101.401501,14.823463],[101.336236,14.785861],[101.324828,14.758366],[101.303774,14.755342],[101.298593,14.737158],[101.287115,14.745946],[101.280912,14.72623],[101.234082,14.734763],[101.21533,14.753826],[101.188655,14.749175],[101.193967,14.731745],[101.185085,14.721792],[101.201179,14.689239],[101.20049,14.665577],[101.208341,14.63321],[101.204222,14.608353],[101.215818,14.59044],[101.190382,14.554385],[101.183466,14.534681],[101.210301,14.520248],[101.242832,14.471104],[101.21501,14.437639],[101.202473,14.402987],[101.210064,14.371998],[101.186429,14.366198],[101.178258,14.347245],[101.157547,14.347433],[101.15107,14.370294],[101.12259,14.384424],[101.095421,14.381607],[101.076709,14.388316],[101.061939,14.414611],[101.054491,14.391783],[101.062829,14.372215],[101.048944,14.34167],[101.019373,14.31564],[101.011349,14.300062],[100.988685,14.297499],[100.959131,14.275519],[100.891588,14.24365],[100.891545,14.275951],[100.823058,14.245289],[100.82318,14.329661],[100.775505,14.318619],[100.793746,14.394466],[100.759463,14.411728],[100.772361,14.434628],[100.761117,14.451553],[100.770236,14.466705],[100.749758,14.518454],[100.778652,14.530734],[100.782705,14.567033],[100.73079,14.569377],[100.685129,14.582138],[100.654788,14.606372],[100.674754,14.574371],[100.676354,14.558149],[100.657771,14.549628],[100.632833,14.552358],[100.618483,14.564282],[100.601845,14.554216],[100.603482,14.578617],[100.575301,14.59592],[100.583736,14.630155],[100.602285,14.655051],[100.630532,14.649994],[100.657015,14.704448],[100.651294,14.710321],[100.665214,14.73527],[100.695011,14.760522],[100.724533,14.76006],[100.766656,14.796589],[100.793989,14.791431],[100.819472,14.803247],[100.847556,14.800934],[100.845805,14.789376],[100.864873,14.782275],[100.867406,14.768071],[100.888736,14.772899],[100.943557,14.740742],[100.966271,14.751516],[100.99056,14.740791],[100.990926,14.763098],[101.023881,14.809936],[101.049787,14.792609],[101.064035,14.759262],[101.073642,14.764592],[101.062829,14.791974],[101.068049,14.810844],[101.088906,14.83206],[101.067969,14.831076],[101.093792,14.85689],[101.081993,14.877763],[101.097065,14.908788],[101.140548,14.897396],[101.165176,14.902642],[101.191375,14.920829],[101.235445,14.920219],[101.256187,14.912223],[101.273285,14.933555],[101.310814,14.960423],[101.329169,14.965489],[101.336598,14.990349],[101.347524,14.992821],[101.349209,15.012318],[101.381584,15.068118],[101.399443,15.073726],[101.399443,15.073726]]]]}},{"type":"Feature","properties":{"ADM1_EN":"Chon Buri","ADM1_TH":"ชลบุรี","ADM1_PCODE":"TH20","ADM0_EN":"Thailand","ADM0_TH":"ประเทศไทย"},"geometry":{"type":"MultiPolygon","coordinates":[[[[100.971888,12.52299],[100.97479,12.513697],[100.967322,12.517916],[100.971888,12.52299],[100.971888,12.52299]]],[[[100.956009,12.530516],[100.960509,12.515463],[100.952138,12.514585],[100.956009,12.530516],[100.956009,12.530516]]],[[[100.960606,12.531599],[100.959347,12.53184],[100.959328,12.533676],[100.960606,12.531599],[100.960606,12.531599]]],[[[100.958875,12.534061],[100.958206,12.534806],[100.958521,12.535685],[100.958875,12.534061],[100.958875,12.534061]]],[[[100.971685,12.547334],[100.9709,12.552239],[100.972398,12.551056],[100.971685,12.547334],[100.971685,12.547334]]],[[[100.935694,12.573438],[100.932542,12.570786],[100.930803,12.572953],[100.935694,12.573438],[100.935694,12.573438]]],[[[100.947175,12.587988],[100.963218,12.561158],[100.953594,12.552831],[100.942592,12.581608],[100.947175,12.587988],[100.947175,12.587988]]],[[[100.964671,12.589695],[100.966636,12.581137],[100.960568,12.58136],[100.964671,12.589695],[100.964671,12.589695]]],[[[100.918019,12.599995],[100.91633,12.603416],[100.917328,12.605996],[100.918019,12.599995],[100.918019,12.599995]]],[[[100.877037,12.610288],[100.874565,12.613323],[100.875802,12.614961],[100.877037,12.610288],[100.877037,12.610288]]],[[[100.917793,12.615841],[100.917464,12.616708],[100.918251,12.617551],[100.917793,12.615841],[100.917793,12.615841]]],[[[100.8796,12.617734],[100.88376,12.616017],[100.879671,12.615714],[100.8796,12.617734],[100.8796,12.617734]]],[[[100.902901,12.624819],[100.899906,12.622414],[100.901121,12.627321],[100.902901,12.624819],[100.902901,12.624819]]],[[[100.874031,12.642265],[100.868228,12.633325],[100.865512,12.641901],[100.874031,12.642265],[100.874031,12.642265]]],[[[100.897016,12.644692],[100.897511,12.64685],[100.898605,12.646408],[100.897016,12.644692],[100.897016,12.644692]]],[[[100.892125,12.64586],[100.890821,12.64174],[100.878104,12.645804],[100.892125,12.64586],[100.892125,12.64586]]],[[[100.823827,12.676261],[100.823066,12.673754],[100.821969,12.679594],[100.823827,12.676261],[100.823827,12.676261]]],[[[100.775816,12.720254],[100.80316,12.717799],[100.80615,12.697457],[100.787675,12.674698],[100.77656,12.675223],[100.76408,12.702395],[100.775816,12.720254],[100.775816,12.720254]]],[[[100.799525,12.726652],[100.798054,12.726269],[100.797193,12.729198],[100.799525,12.726652],[100.799525,12.726652]]],[[[100.849234,12.760758],[100.839217,12.761502],[100.846397,12.763617],[100.849234,12.760758],[100.849234,12.760758]]],[[[100.702521,12.793339],[100.702219,12.792236],[100.701821,12.793151],[100.702521,12.793339],[100.702521,12.793339]]],[[[100.703529,12.797387],[100.698066,12.797925],[100.699527,12.803051],[100.703529,12.797387],[100.703529,12.797387]]],[[[100.673285,12.867636],[100.671827,12.880105],[100.675999,12.877035],[100.673285,12.867636],[100.673285,12.867636]]],[[[100.680353,12.899498],[100.677353,12.903126],[100.678618,12.906046],[100.680353,12.899498],[100.680353,12.899498]]],[[[100.677557,12.909428],[100.67714,12.912259],[100.677991,12.912366],[100.677557,12.909428],[100.677557,12.909428]]],[[[100.806698,12.924959],[100.803899,12.930042],[100.806863,12.929074],[100.806698,12.924959],[100.806698,12.924959]]],[[[100.790045,12.930497],[100.773439,12.896919],[100.768755,12.928195],[100.790045,12.930497],[100.790045,12.930497]]],[[[100.792358,12.944612],[100.791031,12.941721],[100.789225,12.945629],[100.792358,12.944612],[100.792358,12.944612]]],[[[100.679977,12.948888],[100.68556,12.9277],[100.670873,12.923988],[100.663535,12.946872],[100.679977,12.948888],[100.679977,12.948888]]],[[[100.656793,12.95769],[100.657743,12.956283],[100.656153,12.956517],[100.656793,12.95769],[100.656793,12.95769]]],[[[100.652675,12.963057],[100.647375,12.951478],[100.648081,12.963107],[100.652675,12.963057],[100.652675,12.963057]]],[[[100.810297,13.118066],[100.804676,13.111305],[100.804774,13.116733],[100.810297,13.118066],[100.810297,13.118066]]],[[[100.80953,13.124065],[100.809424,13.123179],[100.808751,13.123621],[100.80953,13.124065],[100.80953,13.124065]]],[[[100.83474,13.151573],[100.834192,13.151401],[100.833628,13.152487],[100.83474,13.151573],[100.83474,13.151573]]],[[[100.833382,13.165161],[100.832677,13.1653],[100.832938,13.166364],[100.833382,13.165161],[100.833382,13.165161]]],[[[100.823763,13.170723],[100.827186,13.169026],[100.824389,13.163732],[100.823763,13.170723],[100.823763,13.170723]]],[[[100.920024,13.174589],[100.92061,13.173219],[100.919236,13.173569],[100.920024,13.174589],[100.920024,13.174589]]],[[[100.829892,13.17515],[100.830895,13.174188],[100.828794,13.173826],[100.829892,13.17515],[100.829892,13.17515]]],[[[100.808202,13.178916],[100.819785,13.138665],[100.809388,13.125111],[100.798989,13.168895],[100.808202,13.178916],[100.808202,13.178916]]],[[[100.79834,13.189025],[100.798228,13.188671],[100.797831,13.189637],[100.79834,13.189025],[100.79834,13.189025]]],[[[101.143526,13.589319],[101.152729,13.584288],[101.201484,13.584574],[101.237177,13.570426],[101.267499,13.566741],[101.295092,13.525553],[101.314708,13.505425],[101.351563,13.480623],[101.360563,13.46424],[101.394024,13.474927],[101.409868,13.465933],[101.402547,13.450251],[101.434641,13.449564],[101.466737,13.428105],[101.489936,13.444633],[101.50172,13.410468],[101.531645,13.427035],[101.556602,13.367579],[101.564412,13.331364],[101.579011,13.333355],[101.599605,13.302719],[101.618953,13.301672],[101.668635,13.2727],[101.683982,13.250557],[101.689371,13.229504],[101.712358,13.206005],[101.719215,13.180061],[101.715167,13.163116],[101.695772,13.146597],[101.648264,13.163489],[101.613148,13.135938],[101.58225,13.128288],[101.573722,13.086926],[101.553986,13.073944],[101.52231,13.077009],[101.514487,13.05916],[101.484955,13.058368],[101.464355,13.042269],[101.47049,13.026119],[101.435145,13.051478],[101.417015,13.02757],[101.394092,13.024811],[101.364386,13.045112],[101.340438,13.075344],[101.324719,13.084358],[101.278134,13.059242],[101.252798,13.075594],[101.239883,13.065049],[101.194953,13.088869],[101.179668,13.084594],[101.171629,13.058799],[101.194202,13.05462],[101.183943,13.026728],[101.150355,13.028606],[101.13518,13.016526],[101.115125,13.033695],[101.094598,13.033853],[101.082794,13.004156],[101.09646,12.974753],[101.088614,12.915352],[101.076091,12.903763],[101.074472,12.880139],[101.061914,12.858768],[101.063007,12.833832],[101.044399,12.811892],[101.01963,12.799123],[101.013046,12.785767],[101.003721,12.734481],[100.98446,12.691997],[100.992258,12.656246],[100.973745,12.649181],[100.963256,12.628756],[100.962047,12.602372],[100.94504,12.599235],[100.913948,12.628222],[100.930462,12.645848],[100.911978,12.660943],[100.852691,12.648363],[100.861746,12.667344],[100.842784,12.670331],[100.840484,12.682865],[100.856294,12.692593],[100.837668,12.697454],[100.833981,12.732785],[100.839718,12.750814],[100.871893,12.769082],[100.88937,12.763284],[100.903894,12.779465],[100.913374,12.807199],[100.898418,12.8559],[100.855867,12.909984],[100.86268,12.929972],[100.883145,12.938011],[100.883021,12.970698],[100.900964,12.970758],[100.919551,12.987743],[100.92801,13.00958],[100.914616,13.045103],[100.892966,13.038902],[100.87187,13.077117],[100.878956,13.108177],[100.899028,13.126747],[100.900591,13.143848],[100.924891,13.16895],[100.936346,13.215212],[100.923312,13.269548],[100.897515,13.302439],[100.914119,13.313354],[100.926064,13.341309],[100.935467,13.338526],[100.974398,13.356518],[100.985976,13.381425],[100.967565,13.432898],[100.974052,13.473376],[100.986003,13.462974],[101.013403,13.461949],[101.027589,13.473657],[101.052722,13.510553],[101.067389,13.504528],[101.069944,13.536202],[101.04167,13.549886],[101.094369,13.553764],[101.110349,13.569355],[101.129962,13.569868],[101.143526,13.589319],[101.143526,13.589319]]]]}},{"type":"Feature","properties":{"ADM1_EN":"Rayong","ADM1_TH":"ระยอง","ADM1_PCODE":"TH21","ADM0_EN":"Thailand","ADM0_TH":"ประเทศไทย"},"geometry":{"type":"MultiPolygon","coordinates":[[[[101.442138,12.516182],[101.443086,12.516042],[101.442744,12.512953],[101.442138,12.516182],[101.442138,12.516182]]],[[[101.569415,12.554811],[101.566748,12.558339],[101.568401,12.559269],[101.569415,12.554811],[101.569415,12.554811]]],[[[101.700645,12.566222],[101.698523,12.571176],[101.701681,12.572687],[101.700645,12.566222],[101.700645,12.566222]]],[[[101.510255,12.579548],[101.510317,12.58045],[101.510686,12.580384],[101.510255,12.579548],[101.510255,12.579548]]],[[[101.451404,12.58269],[101.4684,12.567964],[101.449856,12.552951],[101.44552,12.529966],[101.445583,12.57971],[101.451404,12.58269],[101.451404,12.58269]]],[[[101.509949,12.584993],[101.510592,12.581742],[101.508439,12.584369],[101.509949,12.584993],[101.509949,12.584993]]],[[[101.509126,12.595318],[101.510286,12.595012],[101.508547,12.593734],[101.509126,12.595318],[101.509126,12.595318]]],[[[101.512403,12.599329],[101.512511,12.600379],[101.51287,12.600097],[101.512403,12.599329],[101.512403,12.599329]]],[[[101.514697,12.601227],[101.513958,12.60168],[101.515593,12.603195],[101.514697,12.601227],[101.514697,12.601227]]],[[[101.69088,12.595347],[101.688744,12.599338],[101.693949,12.603857],[101.69088,12.595347],[101.69088,12.595347]]],[[[101.691537,12.607721],[101.68513,12.611617],[101.689723,12.618938],[101.691537,12.607721],[101.691537,12.607721]]],[[[101.171916,12.647866],[101.169691,12.648503],[101.171729,12.650969],[101.171916,12.647866],[101.171916,12.647866]]],[[[101.652284,13.160274],[101.695772,13.146597],[101.684718,13.122722],[101.699433,13.109576],[101.692626,13.097977],[101.724623,13.030059],[101.757698,13.049374],[101.755569,13.006511],[101.737773,12.98124],[101.738842,12.959068],[101.75459,12.941691],[101.779192,12.953383],[101.813225,12.898723],[101.830872,12.824403],[101.81874,12.799214],[101.819457,12.753871],[101.806341,12.756232],[101.795101,12.736731],[101.799621,12.724516],[101.785136,12.708826],[101.784358,12.693192],[101.750085,12.708116],[101.691405,12.694597],[101.66022,12.671754],[101.64585,12.642343],[101.601239,12.653042],[101.564648,12.64629],[101.55635,12.627316],[101.473892,12.6335],[101.448586,12.630601],[101.426508,12.618994],[101.421179,12.590164],[101.369526,12.619419],[101.283865,12.655019],[101.235039,12.665328],[101.161885,12.672044],[101.166265,12.639948],[101.157082,12.64008],[101.151519,12.673529],[101.106837,12.67928],[101.06605,12.674762],[101.044822,12.665593],[100.992258,12.656246],[100.98446,12.691997],[101.003721,12.734481],[101.01963,12.799123],[101.044399,12.811892],[101.063007,12.833832],[101.061914,12.858768],[101.074472,12.880139],[101.076091,12.903763],[101.088614,12.915352],[101.09646,12.974753],[101.082794,13.004156],[101.094598,13.033853],[101.115125,13.033695],[101.13518,13.016526],[101.150355,13.028606],[101.183943,13.026728],[101.194202,13.05462],[101.171641,13.059079],[101.179668,13.084594],[101.194953,13.088869],[101.239883,13.065049],[101.252798,13.075594],[101.278134,13.059242],[101.324719,13.084358],[101.340438,13.075344],[101.364386,13.045112],[101.394092,13.024811],[101.417015,13.02757],[101.435145,13.051478],[101.47049,13.026119],[101.464355,13.042269],[101.484955,13.058368],[101.514487,13.05916],[101.52231,13.077009],[101.553986,13.073944],[101.573722,13.086926],[101.58225,13.128288],[101.613148,13.135938],[101.652284,13.160274],[101.652284,13.160274]]]]}},{"type":"Feature","properties":{"ADM1_EN":"Chanthaburi","ADM1_TH":"จันทบุรี","ADM1_PCODE":"TH22","ADM0_EN":"Thailand","ADM0_TH":"ประเทศไทย"},"geometry":{"type":"MultiPolygon","coordinates":[[[[102.251665,12.289603],[102.251656,12.286012],[102.249547,12.288154],[102.251665,12.289603],[102.251665,12.289603]]],[[[102.241475,12.296075],[102.237822,12.286676],[102.235304,12.295335],[102.241475,12.296075],[102.241475,12.296075]]],[[[102.133853,12.395444],[102.131176,12.393244],[102.134131,12.399046],[102.133853,12.395444],[102.133853,12.395444]]],[[[102.110935,12.422599],[102.108014,12.422193],[102.110672,12.425353],[102.110935,12.422599],[102.110935,12.422599]]],[[[102.066439,12.465513],[102.065985,12.464612],[102.065244,12.465484],[102.066439,12.465513],[102.066439,12.465513]]],[[[102.02465,12.459834],[102.020674,12.464996],[102.024958,12.46527],[102.02465,12.459834],[102.02465,12.459834]]],[[[101.949452,12.514014],[101.950229,12.50929],[101.948339,12.510878],[101.949452,12.514014],[101.949452,12.514014]]],[[[102.129771,13.336181],[102.150208,13.319061],[102.164164,13.324185],[102.180888,13.314577],[102.188659,13.293062],[102.212512,13.303727],[102.228703,13.301553],[102.244805,13.285577],[102.278042,13.290325],[102.283777,13.303635],[102.310536,13.286967],[102.334991,13.315652],[102.353575,13.298943],[102.351068,13.275295],[102.388016,13.21663],[102.401433,13.15181],[102.418488,13.136604],[102.417079,13.122676],[102.441923,13.084672],[102.459021,13.082966],[102.494314,13.013603],[102.526748,13.005332],[102.485566,12.978964],[102.501444,12.96089],[102.486069,12.948254],[102.510572,12.895654],[102.507774,12.865775],[102.497908,12.859562],[102.516347,12.839277],[102.515562,12.822693],[102.529616,12.817817],[102.535855,12.787478],[102.532703,12.767067],[102.51779,12.751998],[102.491167,12.757239],[102.475829,12.736457],[102.441126,12.736713],[102.4242,12.711265],[102.383498,12.673286],[102.387682,12.648579],[102.40162,12.615064],[102.388246,12.609862],[102.424094,12.57116],[102.402064,12.567073],[102.381324,12.582576],[102.376493,12.595912],[102.345675,12.589708],[102.336685,12.563886],[102.305077,12.556465],[102.314558,12.524512],[102.337993,12.513604],[102.333612,12.495529],[102.341571,12.476044],[102.320009,12.452718],[102.325205,12.427867],[102.367096,12.403288],[102.371775,12.38991],[102.344719,12.363261],[102.345789,12.33753],[102.311676,12.304316],[102.265183,12.299613],[102.223399,12.328619],[102.167269,12.392559],[102.136112,12.411386],[102.10222,12.454101],[102.070458,12.477419],[102.042871,12.472878],[102.041099,12.501151],[102.020392,12.522346],[101.97777,12.542601],[101.944867,12.531911],[101.884246,12.580362],[101.909612,12.577083],[101.904426,12.59773],[101.881849,12.59809],[101.864698,12.620445],[101.863445,12.642155],[101.83305,12.667952],[101.784358,12.693192],[101.785136,12.708826],[101.799621,12.724516],[101.795101,12.736731],[101.806341,12.756232],[101.819457,12.753871],[101.819188,12.799853],[101.830872,12.824403],[101.819815,12.879408],[101.790335,12.943986],[101.779192,12.953383],[101.75459,12.941691],[101.738842,12.959068],[101.737773,12.98124],[101.755569,13.006511],[101.757698,13.049374],[101.724623,13.030059],[101.692626,13.097977],[101.699433,13.109576],[101.684718,13.122722],[101.695355,13.133959],[101.70281,13.160794],[101.715167,13.163116],[101.717138,13.182214],[101.773288,13.184747],[101.835862,13.233864],[101.854307,13.25414],[101.870559,13.252139],[101.873969,13.222278],[101.8898,13.227206],[101.905565,13.271092],[101.905212,13.28768],[101.928642,13.286582],[101.955844,13.299743],[101.968002,13.324567],[101.988903,13.333255],[102.011707,13.290403],[102.032815,13.286434],[102.02829,13.236708],[102.050491,13.239342],[102.061554,13.251871],[102.10345,13.26159],[102.118141,13.277612],[102.118528,13.303579],[102.129771,13.336181],[102.129771,13.336181]]]]}},{"type":"Feature","properties":{"ADM1_EN":"Trat","ADM1_TH":"ตราด","ADM1_PCODE":"TH23","ADM0_EN":"Thailand","ADM0_TH":"ประเทศไทย"},"geometry":{"type":"MultiPolygon","coordinates":[[[[102.521616,11.679577],[102.522093,11.684788],[102.523935,11.683674],[102.521616,11.679577],[102.521616,11.679577]]],[[[102.516992,11.725004],[102.525878,11.716064],[102.521151,11.708201],[102.516992,11.725004],[102.516992,11.725004]]],[[[102.555219,11.760886],[102.570905,11.73205],[102.56374,11.69834],[102.579148,11.711998],[102.590589,11.6944],[102.608442,11.689084],[102.600857,11.677145],[102.609036,11.651287],[102.603105,11.62714],[102.592241,11.620695],[102.594014,11.563003],[102.568328,11.578906],[102.571459,11.589302],[102.526837,11.60414],[102.545445,11.622543],[102.543569,11.637677],[102.524269,11.657161],[102.534509,11.666229],[102.528687,11.698397],[102.541019,11.705782],[102.534423,11.721866],[102.555219,11.760886],[102.555219,11.760886]]],[[[102.394712,11.771647],[102.38801,11.774763],[102.394433,11.777176],[102.394712,11.771647],[102.394712,11.771647]]],[[[102.394121,11.784112],[102.393303,11.785195],[102.394542,11.784953],[102.394121,11.784112],[102.394121,11.784112]]],[[[102.395798,11.787319],[102.395205,11.788427],[102.396039,11.788707],[102.395798,11.787319],[102.395798,11.787319]]],[[[102.451028,11.801043],[102.452746,11.798979],[102.45004,11.795297],[102.451028,11.801043],[102.451028,11.801043]]],[[[102.377099,11.805482],[102.3772,11.804357],[102.375715,11.805642],[102.377099,11.805482],[102.377099,11.805482]]],[[[102.378507,11.807061],[102.377072,11.808368],[102.378929,11.808221],[102.378507,11.807061],[102.378507,11.807061]]],[[[102.456479,11.807646],[102.452089,11.804223],[102.456392,11.810007],[102.456479,11.807646],[102.456479,11.807646]]],[[[102.377329,11.809172],[102.375431,11.810097],[102.375651,11.81165],[102.377329,11.809172],[102.377329,11.809172]]],[[[102.385386,11.810832],[102.393459,11.796634],[102.386406,11.776238],[102.385386,11.810832],[102.385386,11.810832]]],[[[102.396318,11.815243],[102.394998,11.81635],[102.396394,11.815799],[102.396318,11.815243],[102.396318,11.815243]]],[[[102.397317,11.818009],[102.396881,11.816703],[102.396101,11.817476],[102.397317,11.818009],[102.397317,11.818009]]],[[[102.4024,11.818296],[102.401186,11.81951],[102.402862,11.820183],[102.4024,11.818296],[102.4024,11.818296]]],[[[102.386318,11.820711],[102.384457,11.821906],[102.38637,11.823168],[102.386318,11.820711],[102.386318,11.820711]]],[[[102.446555,11.824254],[102.447028,11.823754],[102.446373,11.823182],[102.446555,11.824254],[102.446555,11.824254]]],[[[102.460431,11.832164],[102.460006,11.837827],[102.461785,11.833686],[102.460431,11.832164],[102.460431,11.832164]]],[[[102.47204,11.839622],[102.480893,11.828902],[102.511705,11.826557],[102.491426,11.8156],[102.486998,11.789842],[102.472864,11.809157],[102.444096,11.81149],[102.46319,11.819628],[102.47204,11.839622],[102.47204,11.839622]]],[[[102.530108,11.834806],[102.51905,11.833811],[102.525311,11.851917],[102.530108,11.834806],[102.530108,11.834806]]],[[[102.525156,11.855708],[102.5244,11.856708],[102.525183,11.856597],[102.525156,11.855708],[102.525156,11.855708]]],[[[102.523331,11.857725],[102.52295,11.858671],[102.523565,11.858409],[102.523331,11.857725],[102.523331,11.857725]]],[[[102.452644,11.891985],[102.446161,11.900089],[102.453302,11.899791],[102.452644,11.891985],[102.452644,11.891985]]],[[[102.397784,11.909204],[102.417118,11.901524],[102.407851,11.89348],[102.397784,11.909204],[102.397784,11.909204]]],[[[102.472288,11.912375],[102.470757,11.918668],[102.47443,11.917048],[102.472288,11.912375],[102.472288,11.912375]]],[[[102.364463,11.923973],[102.346681,11.900719],[102.354193,11.92236],[102.364463,11.923973],[102.364463,11.923973]]],[[[102.410958,11.930017],[102.409251,11.930142],[102.409808,11.933289],[102.410958,11.930017],[102.410958,11.930017]]],[[[102.408974,11.936864],[102.406865,11.938514],[102.408872,11.939756],[102.408974,11.936864],[102.408974,11.936864]]],[[[102.44671,11.945781],[102.446609,11.946537],[102.447212,11.945996],[102.44671,11.945781],[102.44671,11.945781]]],[[[102.407416,11.939944],[102.402678,11.947011],[102.409076,11.941697],[102.407416,11.939944],[102.407416,11.939944]]],[[[102.445271,11.950591],[102.436844,11.950302],[102.438993,11.953754],[102.445271,11.950591],[102.445271,11.950591]]],[[[102.497951,11.959264],[102.50172,11.955318],[102.489757,11.94917],[102.497951,11.959264],[102.497951,11.959264]]],[[[102.473521,11.93028],[102.469898,11.95411],[102.481122,11.959835],[102.473521,11.93028],[102.473521,11.93028]]],[[[102.508803,11.960167],[102.50842,11.960832],[102.509165,11.960757],[102.508803,11.960167],[102.508803,11.960167]]],[[[102.513611,11.961603],[102.515083,11.960662],[102.5127,11.96045],[102.513611,11.961603],[102.513611,11.961603]]],[[[102.44853,11.961918],[102.447294,11.960737],[102.446797,11.961889],[102.44853,11.961918],[102.44853,11.961918]]],[[[102.489724,11.965146],[102.489187,11.966603],[102.49247,11.966626],[102.489724,11.965146],[102.489724,11.965146]]],[[[102.502677,11.970193],[102.502116,11.970578],[102.502944,11.971053],[102.502677,11.970193],[102.502677,11.970193]]],[[[102.392937,11.975607],[102.391085,11.969602],[102.389701,11.974738],[102.392937,11.975607],[102.392937,11.975607]]],[[[102.388162,11.988508],[102.385833,11.978764],[102.383995,11.98523],[102.388162,11.988508],[102.388162,11.988508]]],[[[102.387959,11.990471],[102.387959,11.991757],[102.388655,11.991453],[102.387959,11.990471],[102.387959,11.990471]]],[[[102.269036,12.01192],[102.268321,12.013804],[102.269562,12.014236],[102.269036,12.01192],[102.269036,12.01192]]],[[[102.282561,12.018289],[102.285017,12.016144],[102.283435,12.014664],[102.282561,12.018289],[102.282561,12.018289]]],[[[102.264539,12.018336],[102.2638,12.019965],[102.265513,12.020771],[102.264539,12.018336],[102.264539,12.018336]]],[[[102.263089,12.021813],[102.261039,12.022733],[102.262629,12.025003],[102.263089,12.021813],[102.263089,12.021813]]],[[[102.281215,12.036458],[102.281403,12.03583],[102.280916,12.036282],[102.281215,12.036458],[102.281215,12.036458]]],[[[102.279806,12.038554],[102.278068,12.040048],[102.28024,12.040312],[102.279806,12.038554],[102.279806,12.038554]]],[[[102.426488,12.047305],[102.423698,12.051532],[102.42634,12.04933],[102.426488,12.047305],[102.426488,12.047305]]],[[[102.422735,12.053407],[102.423157,12.052488],[102.422637,12.052721],[102.422735,12.053407],[102.422735,12.053407]]],[[[102.248056,12.138703],[102.246431,12.140828],[102.248932,12.14022],[102.248056,12.138703],[102.248056,12.138703]]],[[[102.251755,12.156835],[102.267785,12.145608],[102.321205,12.136266],[102.355712,12.108395],[102.366373,12.083376],[102.382717,12.067933],[102.386307,12.047613],[102.406436,12.030613],[102.429154,11.989863],[102.446606,11.976261],[102.429968,11.959821],[102.399756,11.980207],[102.382036,12.000543],[102.369164,11.993219],[102.377638,11.964585],[102.361859,11.962242],[102.333497,11.975433],[102.311247,11.965615],[102.294124,11.982221],[102.298058,11.997005],[102.288128,12.012866],[102.294202,12.042878],[102.274316,12.072598],[102.27384,12.101399],[102.253296,12.135494],[102.268085,12.145146],[102.251755,12.156835],[102.251755,12.156835]]],[[[102.247255,12.16308],[102.248012,12.158188],[102.244052,12.162468],[102.247255,12.16308],[102.247255,12.16308]]],[[[102.338778,12.185359],[102.338361,12.188975],[102.340374,12.186513],[102.338778,12.185359],[102.338778,12.185359]]],[[[102.277221,12.204182],[102.276541,12.204342],[102.276626,12.204882],[102.277221,12.204182],[102.277221,12.204182]]],[[[102.277027,12.216818],[102.277114,12.216299],[102.276692,12.216727],[102.277027,12.216818],[102.277027,12.216818]]],[[[102.494598,12.756438],[102.510006,12.691804],[102.510221,12.670658],[102.531386,12.654248],[102.567579,12.658201],[102.616412,12.615908],[102.645924,12.610956],[102.644533,12.585754],[102.66134,12.583466],[102.684606,12.546737],[102.678178,12.53863],[102.71561,12.507358],[102.729163,12.509061],[102.720717,12.486334],[102.740451,12.482465],[102.737479,12.465729],[102.764925,12.456585],[102.78206,12.431366],[102.787601,12.410923],[102.772214,12.393906],[102.742521,12.386684],[102.726175,12.364193],[102.727413,12.30299],[102.714077,12.264723],[102.718188,12.221537],[102.706091,12.181019],[102.71169,12.150412],[102.729694,12.130031],[102.736642,12.107777],[102.770804,12.07411],[102.776894,12.005002],[102.801187,11.948222],[102.809913,11.944422],[102.820115,11.916229],[102.826255,11.872504],[102.866741,11.806145],[102.886278,11.799913],[102.90463,11.768293],[102.910779,11.741104],[102.91456,11.651317],[102.906098,11.655124],[102.900711,11.686968],[102.906861,11.712272],[102.894834,11.746856],[102.871303,11.788292],[102.780358,11.902574],[102.773386,11.915879],[102.784268,11.947758],[102.766893,11.980099],[102.766391,12.022134],[102.75379,12.04202],[102.62477,12.151435],[102.645878,12.154691],[102.644371,12.176709],[102.591157,12.210403],[102.55791,12.182429],[102.573468,12.165107],[102.555373,12.161692],[102.55633,12.131155],[102.566798,12.117059],[102.558824,12.096371],[102.57328,12.086904],[102.589201,12.053713],[102.583937,12.043208],[102.547644,12.058719],[102.55137,12.082739],[102.525274,12.11893],[102.483179,12.136743],[102.468013,12.150387],[102.47152,12.164822],[102.398322,12.168593],[102.36845,12.193447],[102.347009,12.199181],[102.320706,12.184764],[102.288804,12.190966],[102.277556,12.206849],[102.285859,12.240251],[102.257762,12.29292],[102.265183,12.299613],[102.311676,12.304316],[102.345789,12.33753],[102.344719,12.363261],[102.371775,12.38991],[102.367096,12.403288],[102.325205,12.427867],[102.320009,12.452718],[102.341571,12.476044],[102.333612,12.495529],[102.337993,12.513604],[102.315313,12.523011],[102.305077,12.556465],[102.336685,12.563886],[102.345675,12.589708],[102.376493,12.595912],[102.381324,12.582576],[102.402064,12.567073],[102.423601,12.573173],[102.388246,12.609862],[102.40162,12.615064],[102.387682,12.648579],[102.385287,12.679493],[102.4242,12.711265],[102.441126,12.736713],[102.475829,12.736457],[102.494598,12.756438],[102.494598,12.756438]]]]}},{"type":"Feature","properties":{"ADM1_EN":"Chachoengsao","ADM1_TH":"ฉะเชิงเทรา","ADM1_PCODE":"TH24","ADM0_EN":"Thailand","ADM0_TH":"ประเทศไทย"},"geometry":{"type":"MultiPolygon","coordinates":[[[[101.061199,13.976134],[101.1378,13.969888],[101.148449,13.961407],[101.161074,13.925723],[101.153303,13.915152],[101.162189,13.892379],[101.146128,13.870136],[101.160887,13.863104],[101.150598,13.851432],[101.181267,13.861049],[101.20089,13.878111],[101.225036,13.886187],[101.246666,13.867399],[101.278242,13.878573],[101.305804,13.874966],[101.342738,13.859121],[101.360743,13.859446],[101.433998,13.827846],[101.451998,13.827435],[101.486121,13.81491],[101.501601,13.798298],[101.524254,13.786928],[101.549513,13.793896],[101.559757,13.768298],[101.588118,13.739461],[101.611074,13.735127],[101.632552,13.748378],[101.664644,13.733569],[101.679149,13.754896],[101.725658,13.75525],[101.731097,13.766212],[101.758423,13.772734],[101.762658,13.754174],[101.792505,13.733036],[101.793506,13.705073],[101.811621,13.698644],[101.830299,13.7041],[101.841278,13.680414],[101.831968,13.63614],[101.859313,13.635907],[101.873278,13.601714],[101.889532,13.582315],[101.915072,13.585596],[101.885108,13.525358],[101.898488,13.510974],[101.88233,13.485312],[101.893774,13.471573],[101.937173,13.477987],[101.940778,13.439863],[101.963326,13.426648],[101.976831,13.408546],[101.972813,13.390436],[101.982125,13.38042],[101.988903,13.333255],[101.968002,13.324567],[101.955844,13.299743],[101.928642,13.286582],[101.905212,13.28768],[101.905565,13.271092],[101.8898,13.227206],[101.873969,13.222278],[101.870559,13.252139],[101.854307,13.25414],[101.822372,13.22201],[101.773288,13.184747],[101.715894,13.184106],[101.712358,13.206005],[101.689371,13.229504],[101.683982,13.250557],[101.668635,13.2727],[101.618953,13.301672],[101.599605,13.302719],[101.579011,13.333355],[101.564412,13.331364],[101.548958,13.388352],[101.531645,13.427035],[101.50172,13.410468],[101.489936,13.444633],[101.466737,13.428105],[101.434641,13.449564],[101.402547,13.450251],[101.409868,13.465933],[101.394024,13.474927],[101.365214,13.463127],[101.351563,13.480623],[101.314708,13.505425],[101.295092,13.525553],[101.267499,13.566741],[101.237177,13.570426],[101.201484,13.584574],[101.152729,13.584288],[101.143526,13.589319],[101.129962,13.569868],[101.110349,13.569355],[101.094369,13.553764],[101.04167,13.549886],[101.069944,13.536202],[101.067389,13.504528],[101.052722,13.510553],[101.027589,13.473657],[101.013403,13.461949],[100.986003,13.462974],[100.974052,13.473376],[100.963016,13.460828],[100.87191,13.471425],[100.848628,13.478162],[100.869614,13.488217],[100.879529,13.548177],[100.890057,13.56461],[100.904037,13.554101],[100.914974,13.570946],[100.90714,13.592049],[100.923614,13.593797],[100.958764,13.631769],[100.955821,13.66238],[100.855069,13.699273],[100.909795,13.790479],[100.938513,13.814252],[100.907549,13.838105],[100.904205,13.848423],[100.914146,13.961269],[100.982139,13.970531],[101.061199,13.976134],[101.061199,13.976134]]]]}},{"type":"Feature","properties":{"ADM1_EN":"Prachin Buri","ADM1_TH":"ปราจีนบุรี","ADM1_PCODE":"TH25","ADM0_EN":"Thailand","ADM0_TH":"ประเทศไทย"},"geometry":{"type":"MultiPolygon","coordinates":[[[[101.488134,14.458353],[101.50188,14.440547],[101.539746,14.425162],[101.54731,14.436195],[101.610347,14.438017],[101.629898,14.406811],[101.654417,14.392797],[101.68928,14.359587],[101.709333,14.334249],[101.741547,14.30839],[101.750374,14.326015],[101.747028,14.34679],[101.771842,14.345052],[101.795548,14.358417],[101.810901,14.347585],[101.842122,14.364504],[101.838523,14.352469],[101.877967,14.322504],[101.893878,14.330427],[101.930425,14.326302],[101.943309,14.302152],[101.929809,14.291768],[101.946321,14.246148],[101.981498,14.23859],[101.966776,14.228714],[102.015517,14.200301],[102.034563,14.198284],[102.068936,14.166009],[102.106206,14.151759],[102.090948,14.092965],[102.126262,14.095803],[102.118366,14.080587],[102.118439,14.053917],[102.110267,14.042127],[102.086091,14.051234],[102.075962,14.035542],[102.040188,14.036408],[101.971975,14.028486],[101.948641,14.009428],[101.937214,13.962103],[101.951149,13.934117],[101.914691,13.937556],[101.904915,13.912786],[101.914265,13.899271],[101.904568,13.883144],[101.928647,13.855586],[101.920324,13.830948],[101.923762,13.815972],[101.94773,13.800193],[101.9373,13.714389],[101.943179,13.702164],[101.945641,13.655049],[101.934099,13.610869],[101.909554,13.605287],[101.913277,13.586828],[101.889532,13.582315],[101.873278,13.601714],[101.859313,13.635907],[101.831968,13.63614],[101.841278,13.680414],[101.830299,13.7041],[101.811621,13.698644],[101.793506,13.705073],[101.792505,13.733036],[101.762658,13.754174],[101.758423,13.772734],[101.731097,13.766212],[101.725658,13.75525],[101.679149,13.754896],[101.664644,13.733569],[101.632552,13.748378],[101.611074,13.735127],[101.588118,13.739461],[101.559757,13.768298],[101.549513,13.793896],[101.524254,13.786928],[101.501601,13.798298],[101.486121,13.81491],[101.451998,13.827435],[101.433998,13.827846],[101.360743,13.859446],[101.342738,13.859121],[101.305804,13.874966],[101.278242,13.878573],[101.246666,13.867399],[101.225036,13.886187],[101.20089,13.878111],[101.181267,13.861049],[101.150598,13.851432],[101.160887,13.863104],[101.146128,13.870136],[101.162189,13.892379],[101.153303,13.915152],[101.161074,13.925723],[101.143107,13.97288],[101.146341,13.996301],[101.172499,14.011669],[101.197147,14.015292],[101.193487,14.023981],[101.21401,14.055741],[101.25906,14.062166],[101.278483,14.05484],[101.321232,14.077256],[101.308425,14.1121],[101.286387,14.133679],[101.292437,14.153777],[101.314655,14.173181],[101.328233,14.174746],[101.345976,14.197289],[101.372695,14.204818],[101.386463,14.219517],[101.378744,14.238697],[101.381011,14.272158],[101.396827,14.27272],[101.41301,14.253927],[101.451736,14.256204],[101.484915,14.270402],[101.50178,14.269458],[101.496203,14.33411],[101.476894,14.364182],[101.432304,14.389491],[101.447013,14.420159],[101.43691,14.446279],[101.481602,14.462339],[101.488134,14.458353],[101.488134,14.458353]]]]}},{"type":"Feature","properties":{"ADM1_EN":"Nakhon Nayok","ADM1_TH":"นครนายก","ADM1_PCODE":"TH26","ADM0_EN":"Thailand","ADM0_TH":"ประเทศไทย"},"geometry":{"type":"MultiPolygon","coordinates":[[[[101.282689,14.497349],[101.306896,14.497604],[101.312332,14.471357],[101.352734,14.454556],[101.395996,14.418662],[101.422209,14.383706],[101.429312,14.390367],[101.476894,14.364182],[101.496203,14.33411],[101.50178,14.269458],[101.484915,14.270402],[101.451736,14.256204],[101.41301,14.253927],[101.396827,14.27272],[101.381011,14.272158],[101.378744,14.238697],[101.386463,14.219517],[101.372695,14.204818],[101.345976,14.197289],[101.328233,14.174746],[101.314655,14.173181],[101.292437,14.153777],[101.286387,14.133679],[101.308425,14.1121],[101.321232,14.077256],[101.278483,14.05484],[101.25906,14.062166],[101.21401,14.055741],[101.193487,14.023981],[101.197147,14.015292],[101.172499,14.011669],[101.165651,14.002169],[101.139236,14.00149],[101.143107,13.97288],[101.043479,13.976541],[101.022367,13.97112],[100.982139,13.970531],[100.914218,13.961278],[100.914942,14.083389],[100.913945,14.221293],[100.946436,14.237135],[100.951118,14.271684],[100.988685,14.297499],[101.011349,14.300062],[101.042702,14.337911],[101.062829,14.372215],[101.054491,14.391783],[101.061939,14.414611],[101.076709,14.388316],[101.095421,14.381607],[101.12259,14.384424],[101.15107,14.370294],[101.157547,14.347433],[101.178258,14.347245],[101.186429,14.366198],[101.210064,14.371998],[101.202473,14.402987],[101.21501,14.437639],[101.234218,14.458825],[101.229036,14.474022],[101.24336,14.47313],[101.245492,14.489836],[101.272608,14.512482],[101.282689,14.497349],[101.282689,14.497349]]]]}},{"type":"Feature","properties":{"ADM1_EN":"Sa Kaeo","ADM1_TH":"สระแก้ว","ADM1_PCODE":"TH27","ADM0_EN":"Thailand","ADM0_TH":"ประเทศไทย"},"geometry":{"type":"MultiPolygon","coordinates":[[[[102.187692,14.196438],[102.213706,14.169369],[102.215581,14.145795],[102.249411,14.140337],[102.270012,14.146178],[102.271695,14.129127],[102.289524,14.135064],[102.308374,14.120232],[102.335577,14.121135],[102.358,14.134243],[102.364053,14.166035],[102.375706,14.151674],[102.40052,14.145759],[102.40997,14.156689],[102.434529,14.15459],[102.437428,14.143634],[102.475395,14.131375],[102.482298,14.142258],[102.50799,14.133102],[102.521353,14.14336],[102.548951,14.134775],[102.596211,14.168624],[102.611964,14.170287],[102.635709,14.148589],[102.653604,14.165395],[102.690091,14.146009],[102.697502,14.130045],[102.726342,14.138201],[102.755396,14.137019],[102.775942,14.154244],[102.806256,14.158005],[102.815053,14.170193],[102.831143,14.157526],[102.87327,14.147518],[102.879111,14.176034],[102.896914,14.163666],[102.930357,14.175651],[102.941543,14.155468],[102.925359,14.132179],[102.923685,14.105922],[102.90123,14.082929],[102.897857,14.051364],[102.909757,14.015952],[102.866946,14.003662],[102.84891,13.985939],[102.815798,13.965559],[102.803269,13.943287],[102.783252,13.932904],[102.766962,13.856716],[102.756753,13.847146],[102.7236,13.792889],[102.730824,13.772077],[102.712228,13.76961],[102.680788,13.749367],[102.600816,13.707955],[102.563837,13.684554],[102.548601,13.6594],[102.586426,13.630243],[102.621888,13.612724],[102.613285,13.605666],[102.581946,13.605768],[102.569733,13.584858],[102.536741,13.5661],[102.481614,13.572024],[102.451406,13.560174],[102.41911,13.571225],[102.391377,13.567419],[102.365076,13.577604],[102.338322,13.555627],[102.336972,13.543642],[102.363068,13.506957],[102.355761,13.451509],[102.36225,13.421057],[102.34541,13.346619],[102.359716,13.313949],[102.353575,13.298943],[102.334991,13.315652],[102.310536,13.286967],[102.283777,13.303635],[102.278042,13.290325],[102.244805,13.285577],[102.228703,13.301553],[102.212512,13.303727],[102.188659,13.293062],[102.180888,13.314577],[102.150208,13.319061],[102.129625,13.33618],[102.118528,13.303579],[102.118141,13.277612],[102.10345,13.26159],[102.061554,13.251871],[102.050491,13.239342],[102.02829,13.236708],[102.032815,13.286434],[102.011707,13.290403],[102.005264,13.309865],[101.984384,13.341025],[101.982125,13.38042],[101.972813,13.390436],[101.976831,13.408546],[101.963326,13.426648],[101.940778,13.439863],[101.937173,13.477987],[101.893774,13.471573],[101.88233,13.485312],[101.898488,13.510974],[101.885108,13.525358],[101.915363,13.586029],[101.909554,13.605287],[101.934099,13.610869],[101.945641,13.655049],[101.943179,13.702164],[101.9373,13.714389],[101.94773,13.800193],[101.923762,13.815972],[101.920324,13.830948],[101.928647,13.855586],[101.904568,13.883144],[101.914265,13.899271],[101.904915,13.912786],[101.910524,13.933613],[101.926283,13.939544],[101.951149,13.934117],[101.937214,13.962103],[101.948641,14.009428],[101.971975,14.028486],[102.040188,14.036408],[102.075962,14.035542],[102.086091,14.051234],[102.110267,14.042127],[102.118439,14.053917],[102.118366,14.080587],[102.126262,14.095803],[102.090948,14.092965],[102.106206,14.151759],[102.128142,14.139857],[102.167643,14.143113],[102.166013,14.171727],[102.187692,14.196438],[102.187692,14.196438]]]]}},{"type":"Feature","properties":{"ADM1_EN":"Nakhon Ratchasima","ADM1_TH":"นครราชสีมา","ADM1_PCODE":"TH30","ADM0_EN":"Thailand","ADM0_TH":"ประเทศไทย"},"geometry":{"type":"MultiPolygon","coordinates":[[[[102.314369,15.807084],[102.356897,15.76831],[102.356986,15.740284],[102.374606,15.733878],[102.421218,15.694922],[102.449122,15.715982],[102.481496,15.718193],[102.512548,15.728309],[102.530689,15.711383],[102.556515,15.703634],[102.598164,15.712969],[102.61352,15.727603],[102.635497,15.717796],[102.666625,15.715343],[102.68251,15.72845],[102.694418,15.714244],[102.689583,15.702554],[102.708169,15.685134],[102.716435,15.666226],[102.743897,15.669621],[102.780425,15.640289],[102.768094,15.626918],[102.780075,15.598932],[102.780576,15.56357],[102.815669,15.512453],[102.830129,15.50547],[102.836396,15.517019],[102.858388,15.514107],[102.894908,15.521518],[102.922867,15.502067],[102.936471,15.478685],[102.978341,15.482182],[103.012218,15.429528],[102.993543,15.414501],[102.965537,15.419974],[102.951783,15.403832],[102.955097,15.382734],[102.986358,15.373947],[102.977412,15.344071],[102.984832,15.321608],[102.952403,15.314651],[102.967879,15.290939],[102.955674,15.273364],[102.959016,15.219466],[102.974563,15.206924],[102.96638,15.19284],[102.932343,15.182257],[102.917311,15.188292],[102.899092,15.175918],[102.886893,15.184429],[102.86575,15.16422],[102.846639,15.165993],[102.823696,15.155049],[102.815986,15.137301],[102.779761,15.089973],[102.762697,15.080972],[102.786729,15.052597],[102.804725,15.040613],[102.779802,15.025496],[102.781306,15.012338],[102.736872,15.001079],[102.710512,14.979628],[102.709739,14.95793],[102.696613,14.93372],[102.600819,14.935372],[102.573136,14.957012],[102.545788,14.946877],[102.565608,14.935141],[102.565182,14.923496],[102.54071,14.888872],[102.55075,14.879489],[102.550149,14.848638],[102.532676,14.81297],[102.50261,14.802211],[102.470731,14.816665],[102.457899,14.835098],[102.439865,14.797463],[102.456221,14.766598],[102.472126,14.762674],[102.477103,14.733421],[102.463084,14.716901],[102.460065,14.699059],[102.475459,14.655389],[102.471113,14.591412],[102.466676,14.586097],[102.495502,14.564802],[102.493408,14.54004],[102.481348,14.511969],[102.49334,14.504668],[102.533805,14.50593],[102.610598,14.494087],[102.599384,14.447601],[102.58199,14.444629],[102.570355,14.428681],[102.562943,14.375135],[102.582349,14.359258],[102.586792,14.336446],[102.602661,14.322517],[102.642799,14.326605],[102.686295,14.299174],[102.634632,14.271636],[102.577903,14.226731],[102.548099,14.215904],[102.54106,14.204077],[102.512558,14.201304],[102.502202,14.186937],[102.479006,14.198925],[102.45318,14.193729],[102.434529,14.15459],[102.40997,14.156689],[102.40052,14.145759],[102.375706,14.151674],[102.364053,14.166035],[102.358,14.134243],[102.335577,14.121135],[102.308374,14.120232],[102.289524,14.135064],[102.271695,14.129127],[102.270012,14.146178],[102.249411,14.140337],[102.215581,14.145795],[102.213706,14.169369],[102.190799,14.195757],[102.174461,14.189297],[102.166013,14.171727],[102.167643,14.143113],[102.150843,14.137048],[102.068936,14.166009],[102.034563,14.198284],[102.015517,14.200301],[101.966776,14.228714],[101.981498,14.23859],[101.946321,14.246148],[101.929809,14.291768],[101.943309,14.302152],[101.930425,14.326302],[101.893878,14.330427],[101.877967,14.322504],[101.838523,14.352469],[101.842122,14.364504],[101.810901,14.347585],[101.795548,14.358417],[101.771842,14.345052],[101.747028,14.34679],[101.750374,14.326015],[101.741547,14.30839],[101.709333,14.334249],[101.68928,14.359587],[101.654417,14.392797],[101.629898,14.406811],[101.610347,14.438017],[101.54731,14.436195],[101.539746,14.425162],[101.50188,14.440547],[101.487747,14.461587],[101.43691,14.446279],[101.447013,14.420159],[101.432304,14.389491],[101.422209,14.383706],[101.382068,14.434216],[101.352734,14.454556],[101.312332,14.471357],[101.306896,14.497604],[101.283751,14.489178],[101.272608,14.512482],[101.238569,14.47878],[101.210301,14.520248],[101.190311,14.528144],[101.181444,14.5474],[101.215818,14.59044],[101.204222,14.608353],[101.208341,14.63321],[101.20049,14.665577],[101.201179,14.689239],[101.185085,14.721792],[101.193967,14.731745],[101.188655,14.749175],[101.198947,14.755928],[101.234082,14.734763],[101.280912,14.72623],[101.287115,14.745946],[101.298593,14.737158],[101.303774,14.755342],[101.324828,14.758366],[101.336236,14.785861],[101.401501,14.823463],[101.411744,14.841151],[101.450157,14.857216],[101.454073,14.879907],[101.433489,14.944282],[101.423258,15.013205],[101.400307,15.069762],[101.397834,15.091867],[101.401977,15.151967],[101.387172,15.231727],[101.380424,15.289697],[101.382024,15.331403],[101.416916,15.332073],[101.435433,15.348141],[101.5007,15.356444],[101.494502,15.371541],[101.515759,15.399414],[101.543214,15.402247],[101.566055,15.371961],[101.607291,15.380274],[101.619102,15.37044],[101.65466,15.400339],[101.720261,15.384834],[101.778582,15.383981],[101.800883,15.402394],[101.802267,15.420468],[101.838976,15.414534],[101.878753,15.389103],[101.911215,15.422554],[101.911015,15.433449],[101.931731,15.436171],[101.937363,15.456432],[101.953303,15.454692],[101.98915,15.464621],[102.009651,15.457966],[102.034962,15.477973],[102.032624,15.500097],[102.042541,15.530016],[102.037743,15.548015],[102.071168,15.601508],[102.074618,15.624056],[102.092341,15.627611],[102.143093,15.677232],[102.143226,15.70681],[102.162025,15.725702],[102.157674,15.742057],[102.178977,15.747282],[102.201646,15.741277],[102.205045,15.757273],[102.232703,15.743564],[102.252055,15.759419],[102.256312,15.78144],[102.276499,15.780898],[102.306931,15.792441],[102.314369,15.807084],[102.314369,15.807084]]]]}},{"type":"Feature","properties":{"ADM1_EN":"Buri Ram","ADM1_TH":"บุรีรัมย์","ADM1_PCODE":"TH31","ADM0_EN":"Thailand","ADM0_TH":"ประเทศไทย"},"geometry":{"type":"MultiPolygon","coordinates":[[[[102.93029,15.795136],[102.941288,15.766231],[102.978953,15.750872],[102.988055,15.732823],[103.005416,15.728632],[103.007218,15.689013],[102.972923,15.666889],[103.012484,15.628141],[103.029319,15.598817],[103.05387,15.589383],[103.0466,15.563636],[103.090659,15.532902],[103.07299,15.497399],[103.110889,15.484133],[103.110759,15.450116],[103.091478,15.417868],[103.119082,15.401509],[103.145461,15.403869],[103.141233,15.388163],[103.154529,15.384143],[103.161207,15.352668],[103.18269,15.368238],[103.197676,15.361051],[103.196243,15.3362],[103.244799,15.317384],[103.248731,15.306673],[103.266455,15.317321],[103.284824,15.316223],[103.293487,15.300565],[103.316053,15.318292],[103.327521,15.336937],[103.348096,15.345922],[103.37705,15.33678],[103.389011,15.316425],[103.404344,15.308382],[103.430508,15.310132],[103.436209,15.335704],[103.472479,15.336224],[103.471869,15.320619],[103.495529,15.308483],[103.500664,15.294888],[103.462623,15.28282],[103.45848,15.256484],[103.442631,15.263759],[103.435968,15.218981],[103.419138,15.20212],[103.428886,15.185051],[103.420302,15.168645],[103.42909,15.159999],[103.428519,15.082451],[103.422566,15.065353],[103.448015,15.045272],[103.423299,15.031156],[103.41435,15.004054],[103.429363,14.981684],[103.418177,14.963841],[103.425327,14.928017],[103.404776,14.920579],[103.404706,14.898283],[103.379046,14.876639],[103.341368,14.828156],[103.328811,14.832508],[103.317002,14.817626],[103.289975,14.807512],[103.290202,14.786003],[103.266293,14.766658],[103.274984,14.749877],[103.26835,14.69916],[103.257389,14.673176],[103.229192,14.637953],[103.238598,14.61784],[103.221451,14.605359],[103.209984,14.576546],[103.222177,14.564877],[103.211141,14.542622],[103.221018,14.517934],[103.215391,14.500477],[103.23557,14.48044],[103.233758,14.468134],[103.245764,14.433067],[103.234744,14.40995],[103.220458,14.402973],[103.233948,14.394468],[103.219262,14.359593],[103.226199,14.32671],[103.165142,14.33405],[103.154093,14.31468],[103.139469,14.324185],[103.12811,14.303346],[103.08221,14.296633],[103.057073,14.285129],[103.056558,14.274181],[103.036488,14.241669],[102.998777,14.213993],[102.952735,14.20696],[102.926817,14.172898],[102.896914,14.163666],[102.879111,14.176034],[102.87327,14.147518],[102.831143,14.157526],[102.815053,14.170193],[102.806256,14.158005],[102.775942,14.154244],[102.755396,14.137019],[102.726342,14.138201],[102.697502,14.130045],[102.690091,14.146009],[102.653604,14.165395],[102.635709,14.148589],[102.611964,14.170287],[102.596211,14.168624],[102.548951,14.134775],[102.521353,14.14336],[102.50799,14.133102],[102.482298,14.142258],[102.475395,14.131375],[102.437428,14.143634],[102.432702,14.151455],[102.45318,14.193729],[102.479006,14.198925],[102.502202,14.186937],[102.512558,14.201304],[102.54106,14.204077],[102.548099,14.215904],[102.577903,14.226731],[102.634632,14.271636],[102.686295,14.299174],[102.642799,14.326605],[102.602661,14.322517],[102.586792,14.336446],[102.582349,14.359258],[102.562943,14.375135],[102.570355,14.428681],[102.58199,14.444629],[102.599384,14.447601],[102.610598,14.494087],[102.533805,14.50593],[102.49334,14.504668],[102.481348,14.511969],[102.493408,14.54004],[102.495502,14.564802],[102.466676,14.586097],[102.471113,14.591412],[102.475459,14.655389],[102.460065,14.699059],[102.463084,14.716901],[102.477103,14.733421],[102.470918,14.764233],[102.456221,14.766598],[102.439865,14.797463],[102.457899,14.835098],[102.470731,14.816665],[102.50261,14.802211],[102.532676,14.81297],[102.550149,14.848638],[102.55075,14.879489],[102.54071,14.888872],[102.567542,14.927898],[102.545788,14.946877],[102.573136,14.957012],[102.600819,14.935372],[102.696613,14.93372],[102.709739,14.95793],[102.710512,14.979628],[102.736872,15.001079],[102.781306,15.012338],[102.779802,15.025496],[102.804725,15.040613],[102.762697,15.080972],[102.779761,15.089973],[102.815986,15.137301],[102.823696,15.155049],[102.846639,15.165993],[102.86575,15.16422],[102.886893,15.184429],[102.898939,15.175427],[102.917311,15.188292],[102.932343,15.182257],[102.96638,15.19284],[102.974563,15.206924],[102.959016,15.219466],[102.955674,15.273364],[102.967879,15.290939],[102.952403,15.314651],[102.984832,15.321608],[102.977412,15.344071],[102.986358,15.373947],[102.955097,15.382734],[102.951783,15.403832],[102.978368,15.416813],[102.993543,15.414501],[103.012218,15.429528],[102.978341,15.482182],[102.936471,15.478685],[102.910365,15.51569],[102.882545,15.523101],[102.864531,15.508141],[102.836396,15.517019],[102.830129,15.50547],[102.815669,15.512453],[102.780576,15.56357],[102.782634,15.585293],[102.768094,15.626918],[102.786961,15.636793],[102.804268,15.632787],[102.855287,15.636127],[102.883534,15.672487],[102.869788,15.682876],[102.880495,15.7459],[102.877468,15.771565],[102.897369,15.785731],[102.93029,15.795136],[102.93029,15.795136]]]]}},{"type":"Feature","properties":{"ADM1_EN":"Surin","ADM1_TH":"สุรินทร์","ADM1_PCODE":"TH32","ADM0_EN":"Thailand","ADM0_TH":"ประเทศไทย"},"geometry":{"type":"MultiPolygon","coordinates":[[[[103.133554,15.478315],[103.250753,15.448346],[103.269492,15.423358],[103.343146,15.408878],[103.364666,15.413965],[103.378079,15.427478],[103.430806,15.449176],[103.433777,15.45475],[103.47988,15.452194],[103.532675,15.42655],[103.565802,15.460044],[103.592105,15.467587],[103.622664,15.466846],[103.667629,15.4462],[103.724317,15.438003],[103.744062,15.447591],[103.754168,15.438728],[103.780183,15.436921],[103.790759,15.44429],[103.847249,15.455888],[103.863699,15.449971],[103.877405,15.468371],[103.887114,15.454173],[103.892112,15.467981],[103.907223,15.436949],[103.942914,15.439157],[103.952405,15.412571],[103.974376,15.426514],[103.970813,15.409839],[104.016987,15.411233],[104.056959,15.404489],[104.074173,15.392673],[104.071727,15.382528],[104.090556,15.364031],[104.08013,15.348744],[104.044206,15.341171],[104.022313,15.313767],[104.010743,15.315936],[104.015414,15.289918],[103.995007,15.28953],[103.98998,15.26828],[103.972342,15.279155],[103.977687,15.26357],[103.994307,15.255923],[103.967448,15.166073],[103.996761,15.148284],[103.991199,15.11163],[104.002455,15.078027],[104.020511,15.078162],[104.005435,15.059372],[104.020387,15.043634],[103.991938,14.984828],[103.966975,14.973878],[103.968667,14.949462],[103.948133,14.941017],[103.937767,14.907203],[103.916851,14.882882],[103.920865,14.872408],[103.903463,14.852776],[103.908931,14.836437],[103.994441,14.800155],[104.003523,14.766501],[104.001273,14.725578],[104.019733,14.700667],[104.047206,14.675905],[104.05579,14.651891],[104.051091,14.637141],[104.058818,14.601761],[104.045994,14.554545],[104.032419,14.545514],[104.035028,14.498831],[104.053659,14.49463],[104.057587,14.470351],[104.046798,14.407383],[104.050501,14.379245],[104.043575,14.361037],[104.057084,14.343434],[103.998255,14.345843],[103.978179,14.353724],[103.950656,14.349571],[103.949262,14.331324],[103.884069,14.337919],[103.858888,14.357705],[103.862585,14.366097],[103.839468,14.371517],[103.830027,14.351047],[103.807714,14.350857],[103.803145,14.367705],[103.775643,14.360045],[103.75823,14.376471],[103.705548,14.376806],[103.698345,14.388949],[103.706663,14.433035],[103.657845,14.437799],[103.641881,14.421673],[103.65748,14.417074],[103.622789,14.397369],[103.609083,14.415796],[103.588505,14.42324],[103.558883,14.423212],[103.498291,14.397371],[103.469184,14.365332],[103.450619,14.368173],[103.435171,14.390473],[103.410232,14.371122],[103.409096,14.357489],[103.380527,14.352624],[103.325449,14.351685],[103.318641,14.356154],[103.272086,14.349526],[103.226199,14.32671],[103.219262,14.359593],[103.233948,14.394468],[103.220458,14.402973],[103.234744,14.40995],[103.245764,14.433067],[103.233758,14.468134],[103.23557,14.48044],[103.215391,14.500477],[103.221018,14.517934],[103.211141,14.542622],[103.222177,14.564877],[103.209984,14.576546],[103.222455,14.606837],[103.238598,14.61784],[103.229192,14.637953],[103.257389,14.673176],[103.26835,14.69916],[103.274984,14.749877],[103.266293,14.766658],[103.290202,14.786003],[103.289975,14.807512],[103.312325,14.813996],[103.328811,14.832508],[103.341368,14.828156],[103.379046,14.876639],[103.404706,14.898283],[103.404776,14.920579],[103.416789,14.918404],[103.426162,14.93621],[103.417439,14.955406],[103.429363,14.981684],[103.41435,15.004054],[103.423299,15.031156],[103.448015,15.045272],[103.422566,15.065353],[103.435684,15.109096],[103.427165,15.104923],[103.42909,15.159999],[103.420302,15.168645],[103.428886,15.185051],[103.419138,15.20212],[103.435968,15.218981],[103.442631,15.263759],[103.45848,15.256484],[103.462623,15.28282],[103.500664,15.294888],[103.495529,15.308483],[103.471869,15.320619],[103.472479,15.336224],[103.436209,15.335704],[103.430508,15.310132],[103.404344,15.308382],[103.389011,15.316425],[103.37705,15.33678],[103.360869,15.345514],[103.327521,15.336937],[103.316053,15.318292],[103.293487,15.300565],[103.284824,15.316223],[103.266455,15.317321],[103.248731,15.306673],[103.244799,15.317384],[103.196243,15.3362],[103.197676,15.361051],[103.18269,15.368238],[103.161207,15.352668],[103.154029,15.377914],[103.141233,15.388163],[103.145461,15.403869],[103.119082,15.401509],[103.091478,15.417868],[103.110759,15.450116],[103.114478,15.482847],[103.133554,15.478315],[103.133554,15.478315]]]]}},{"type":"Feature","properties":{"ADM1_EN":"Si Sa Ket","ADM1_TH":"ศรีสะเกษ","ADM1_PCODE":"TH33","ADM0_EN":"Thailand","ADM0_TH":"ประเทศไทย"},"geometry":{"type":"MultiPolygon","coordinates":[[[[104.105225,15.568261],[104.128651,15.560457],[104.141187,15.528667],[104.132393,15.513127],[104.169158,15.477579],[104.174288,15.461624],[104.193421,15.458591],[104.232863,15.40315],[104.240128,15.383055],[104.262656,15.371817],[104.296863,15.344791],[104.353698,15.344513],[104.368557,15.325205],[104.383462,15.329569],[104.382222,15.29466],[104.446833,15.280879],[104.475797,15.26746],[104.504162,15.267662],[104.524924,15.252469],[104.575148,15.252695],[104.601856,15.269094],[104.60911,15.282056],[104.644135,15.269504],[104.644409,15.242671],[104.670878,15.251898],[104.687146,15.199646],[104.718008,15.187755],[104.703183,15.178311],[104.698001,15.158393],[104.721936,15.169961],[104.73455,15.158122],[104.701855,15.129587],[104.680602,15.123764],[104.670164,15.098215],[104.688869,15.099923],[104.676246,15.085674],[104.693,15.082317],[104.689301,15.06126],[104.673981,15.04043],[104.671871,15.020261],[104.684335,15.00483],[104.683953,14.952471],[104.699747,14.935973],[104.719695,14.931544],[104.734868,14.938227],[104.777924,14.898837],[104.805377,14.89778],[104.813982,14.833791],[104.801936,14.824127],[104.799064,14.803132],[104.81369,14.792029],[104.822068,14.750828],[104.843734,14.73458],[104.850018,14.718694],[104.876726,14.699786],[104.877054,14.672009],[104.891113,14.652025],[104.86358,14.66282],[104.847848,14.657624],[104.828248,14.61048],[104.82902,14.582153],[104.816462,14.551461],[104.820849,14.541335],[104.862006,14.499078],[104.860008,14.472449],[104.828544,14.442877],[104.850494,14.425175],[104.876419,14.437034],[104.906705,14.411708],[104.907105,14.399178],[104.871093,14.417314],[104.842625,14.403036],[104.817658,14.418184],[104.806762,14.43704],[104.766435,14.423478],[104.752188,14.402799],[104.714778,14.43135],[104.701225,14.425386],[104.682829,14.393686],[104.658244,14.401041],[104.651243,14.422035],[104.605464,14.396271],[104.58288,14.376889],[104.581687,14.356429],[104.533353,14.354527],[104.500079,14.373946],[104.483427,14.366915],[104.473434,14.346903],[104.461791,14.359475],[104.436487,14.357147],[104.42382,14.368449],[104.400323,14.372747],[104.333878,14.368629],[104.307944,14.382622],[104.276791,14.408465],[104.24886,14.378766],[104.216336,14.366609],[104.202312,14.380294],[104.173089,14.375978],[104.174476,14.357665],[104.140988,14.352148],[104.136877,14.372954],[104.099992,14.366966],[104.094294,14.351015],[104.057079,14.343446],[104.043575,14.361037],[104.050501,14.379245],[104.046798,14.407383],[104.057587,14.470351],[104.053659,14.49463],[104.035028,14.498831],[104.032419,14.545514],[104.045994,14.554545],[104.058818,14.601761],[104.051091,14.637141],[104.056015,14.651053],[104.047206,14.675905],[104.019733,14.700667],[104.001273,14.725578],[104.003523,14.766501],[103.994441,14.800155],[103.924473,14.82624],[103.903374,14.843818],[103.920576,14.875064],[103.916851,14.882882],[103.937767,14.907203],[103.948133,14.941017],[103.968667,14.949462],[103.966975,14.973878],[103.991938,14.984828],[104.020387,15.043634],[104.005435,15.059372],[104.017793,15.070444],[104.002455,15.078027],[103.991199,15.11163],[103.996761,15.148284],[103.967448,15.166073],[103.994307,15.255923],[103.977687,15.26357],[103.972342,15.279155],[103.98998,15.26828],[103.995007,15.28953],[104.015414,15.289918],[104.010743,15.315936],[104.022313,15.313767],[104.044206,15.341171],[104.091773,15.356065],[104.071727,15.382528],[104.074173,15.392673],[104.056959,15.404489],[103.989001,15.406978],[103.996952,15.449404],[104.016398,15.461557],[104.032206,15.489748],[104.059976,15.502419],[104.055497,15.515372],[104.074013,15.522428],[104.085533,15.550522],[104.103135,15.545816],[104.105225,15.568261],[104.105225,15.568261]]]]}},{"type":"Feature","properties":{"ADM1_EN":"Ubon Ratchathani","ADM1_TH":"อุบลราชธานี","ADM1_PCODE":"TH34","ADM0_EN":"Thailand","ADM0_TH":"ประเทศไทย"},"geometry":{"type":"MultiPolygon","coordinates":[[[[105.063343,16.096751],[105.080019,16.087682],[105.102432,16.090523],[105.118857,16.07777],[105.133485,16.079812],[105.212367,16.049596],[105.304271,16.037038],[105.311958,16.029996],[105.353274,16.029166],[105.363538,16.021289],[105.408947,16.016221],[105.424474,16.004963],[105.416032,15.9858],[105.395649,15.99115],[105.376054,15.98263],[105.349381,15.94155],[105.343516,15.913057],[105.352046,15.907119],[105.389633,15.828466],[105.400589,15.795715],[105.41904,15.790196],[105.431506,15.758178],[105.467586,15.745767],[105.494594,15.765701],[105.510381,15.765442],[105.531391,15.749436],[105.551214,15.750463],[105.560206,15.738906],[105.593474,15.726079],[105.607989,15.696719],[105.634627,15.663007],[105.636736,15.63262],[105.621815,15.557866],[105.60826,15.546457],[105.593077,15.509981],[105.602997,15.479599],[105.591706,15.425432],[105.577638,15.407518],[105.542296,15.392624],[105.492958,15.385805],[105.467679,15.349578],[105.471549,15.337903],[105.503871,15.315858],[105.574221,15.328528],[105.592244,15.274417],[105.583702,15.260114],[105.560397,15.261339],[105.540188,15.251674],[105.516087,15.218907],[105.493695,15.203507],[105.474254,15.178037],[105.469231,15.15918],[105.485827,15.149892],[105.467692,15.132452],[105.485233,15.114191],[105.481775,15.100192],[105.515684,15.085103],[105.513582,15.064238],[105.543375,15.069888],[105.556097,15.057709],[105.54684,15.038686],[105.571823,15.021237],[105.574437,14.999086],[105.604136,14.994081],[105.624276,14.974838],[105.596777,14.962509],[105.583444,14.940788],[105.556585,14.955358],[105.546335,14.925404],[105.558446,14.923699],[105.574736,14.900259],[105.579974,14.878592],[105.54818,14.872245],[105.543677,14.861227],[105.559338,14.841314],[105.536983,14.819052],[105.521311,14.824112],[105.511274,14.799279],[105.525004,14.783619],[105.512866,14.753296],[105.546952,14.730852],[105.52137,14.728291],[105.527428,14.679702],[105.519785,14.650408],[105.530728,14.641491],[105.530742,14.609937],[105.538665,14.582179],[105.534938,14.558482],[105.488723,14.50257],[105.469814,14.469585],[105.424016,14.416545],[105.415175,14.426134],[105.385828,14.395841],[105.372207,14.399416],[105.357236,14.385656],[105.322685,14.393831],[105.302025,14.365947],[105.283747,14.365559],[105.282161,14.354237],[105.258455,14.362215],[105.218687,14.333942],[105.19657,14.346798],[105.174728,14.343284],[105.166591,14.329038],[105.177896,14.316897],[105.152206,14.286127],[105.154695,14.259349],[105.14205,14.23735],[105.103482,14.212507],[105.04985,14.214837],[105.045947,14.227032],[105.026184,14.237163],[105.01594,14.274973],[105.001323,14.303172],[104.981698,14.319107],[104.989596,14.32426],[105.001473,14.362358],[104.993011,14.377844],[104.957565,14.389992],[104.94214,14.384804],[104.923075,14.39995],[104.907105,14.399178],[104.906705,14.411708],[104.876419,14.437034],[104.850494,14.425175],[104.828544,14.442877],[104.860008,14.472449],[104.862006,14.499078],[104.820849,14.541335],[104.816462,14.551461],[104.827692,14.576855],[104.828248,14.61048],[104.847848,14.657624],[104.867088,14.663183],[104.891113,14.652025],[104.877054,14.672009],[104.876726,14.699786],[104.850018,14.718694],[104.843734,14.73458],[104.822068,14.750828],[104.81369,14.792029],[104.799064,14.803132],[104.801936,14.824127],[104.813982,14.833791],[104.805377,14.89778],[104.777924,14.898837],[104.771625,14.911352],[104.734868,14.938227],[104.719695,14.931544],[104.699747,14.935973],[104.683953,14.952471],[104.684335,15.00483],[104.671871,15.020261],[104.673981,15.04043],[104.689301,15.06126],[104.693,15.082317],[104.676246,15.085674],[104.688869,15.099923],[104.670164,15.098215],[104.680602,15.123764],[104.701855,15.129587],[104.73455,15.158122],[104.721936,15.169961],[104.698001,15.158393],[104.703183,15.178311],[104.718008,15.187755],[104.687146,15.199646],[104.670878,15.251898],[104.644409,15.242671],[104.644135,15.269504],[104.60911,15.282056],[104.601856,15.269094],[104.575148,15.252695],[104.524924,15.252469],[104.504162,15.267662],[104.475797,15.26746],[104.446833,15.280879],[104.406729,15.289306],[104.408358,15.322292],[104.424978,15.325891],[104.44694,15.343578],[104.433378,15.34881],[104.434206,15.368711],[104.417162,15.366857],[104.410821,15.383896],[104.389758,15.386966],[104.386276,15.442147],[104.371584,15.458049],[104.390392,15.490415],[104.383527,15.493819],[104.385916,15.536251],[104.399376,15.545906],[104.411657,15.536574],[104.4313,15.53912],[104.441679,15.554826],[104.480289,15.536862],[104.50849,15.56755],[104.548316,15.543477],[104.55299,15.555394],[104.585243,15.5659],[104.578752,15.602581],[104.609728,15.616053],[104.61403,15.639027],[104.637434,15.646959],[104.629161,15.662753],[104.607426,15.665329],[104.607379,15.680033],[104.634742,15.688846],[104.645989,15.678673],[104.672818,15.675588],[104.693357,15.658924],[104.714383,15.660697],[104.72201,15.651462],[104.740745,15.656395],[104.746227,15.641392],[104.787957,15.62095],[104.786662,15.605549],[104.802727,15.593755],[104.810929,15.601711],[104.822629,15.585818],[104.861727,15.57844],[104.876493,15.562132],[104.865631,15.548694],[104.878934,15.53725],[104.888126,15.546936],[104.896571,15.586497],[104.924062,15.600431],[104.933142,15.640393],[104.894936,15.653524],[104.891445,15.690265],[104.906001,15.724339],[104.907366,15.761401],[104.958361,15.789072],[104.96647,15.810937],[104.963411,15.860974],[104.98256,15.901172],[105.003781,15.93468],[104.998144,15.946922],[105.022562,15.974811],[105.024734,15.98745],[105.009938,15.999596],[105.003292,16.020523],[105.025796,16.056022],[105.042748,16.094749],[105.063343,16.096751],[105.063343,16.096751]]]]}},{"type":"Feature","properties":{"ADM1_EN":"Yasothon","ADM1_TH":"ยโสธร","ADM1_PCODE":"TH35","ADM0_EN":"Thailand","ADM0_TH":"ประเทศไทย"},"geometry":{"type":"MultiPolygon","coordinates":[[[[104.395216,16.348429],[104.458208,16.341945],[104.473414,16.345556],[104.503873,16.337474],[104.510816,16.316976],[104.550049,16.312508],[104.562684,16.283285],[104.556748,16.260522],[104.572822,16.258904],[104.58621,16.237291],[104.629261,16.211236],[104.669693,16.230636],[104.690701,16.226643],[104.69217,16.215801],[104.716467,16.203932],[104.757936,16.200853],[104.782925,16.17531],[104.789246,16.157434],[104.805415,16.163636],[104.825004,16.155256],[104.816229,16.133778],[104.813996,16.099033],[104.802851,16.094804],[104.780879,16.113978],[104.769394,16.105144],[104.730584,16.101101],[104.662013,16.123357],[104.627236,16.120423],[104.579277,16.100156],[104.561925,16.098563],[104.533836,16.056924],[104.536595,16.044922],[104.515183,16.02542],[104.52501,16.014625],[104.521667,15.985941],[104.50174,15.975634],[104.505052,15.951251],[104.497003,15.949222],[104.465155,15.912893],[104.448945,15.866299],[104.460132,15.842524],[104.435956,15.80861],[104.428705,15.766458],[104.431486,15.738019],[104.419297,15.70284],[104.439306,15.700307],[104.445337,15.66157],[104.440351,15.618162],[104.464235,15.628336],[104.462831,15.5887],[104.490188,15.593358],[104.505964,15.586176],[104.51097,15.571128],[104.480289,15.536862],[104.441679,15.554826],[104.4313,15.53912],[104.411657,15.536574],[104.399376,15.545906],[104.385916,15.536251],[104.383527,15.493819],[104.390392,15.490415],[104.371584,15.458049],[104.386276,15.442147],[104.389758,15.386966],[104.410821,15.383896],[104.417162,15.366857],[104.434206,15.368711],[104.433378,15.34881],[104.44694,15.343578],[104.424978,15.325891],[104.408358,15.322292],[104.406729,15.289306],[104.382222,15.29466],[104.383462,15.329569],[104.368557,15.325205],[104.353698,15.344513],[104.296863,15.344791],[104.262656,15.371817],[104.240128,15.383055],[104.232863,15.40315],[104.193421,15.458591],[104.174288,15.461624],[104.169158,15.477579],[104.132393,15.513127],[104.141187,15.528667],[104.122029,15.577796],[104.161136,15.602848],[104.209458,15.608959],[104.209348,15.61823],[104.187001,15.609509],[104.190159,15.633321],[104.171511,15.656582],[104.187126,15.659303],[104.15208,15.69074],[104.127556,15.719955],[104.134205,15.746167],[104.127713,15.769804],[104.139516,15.784112],[104.131853,15.801397],[104.11099,15.806978],[104.096819,15.825018],[104.070247,15.83697],[104.077264,15.819122],[104.033374,15.796086],[104.001597,15.794966],[104.012216,15.836702],[104.036193,15.867145],[104.015078,15.886812],[104.034939,15.933861],[104.026502,15.961134],[104.011232,15.958113],[104.036359,15.984217],[104.061014,15.988143],[104.094112,15.977694],[104.103669,15.985484],[104.102311,16.006261],[104.112745,16.041645],[104.101893,16.049534],[104.095541,16.075538],[104.114844,16.114561],[104.137654,16.110527],[104.163532,16.132201],[104.166033,16.142762],[104.216814,16.158342],[104.247832,16.194903],[104.249973,16.21902],[104.29676,16.238695],[104.296929,16.252855],[104.322584,16.264923],[104.343787,16.292216],[104.349094,16.326656],[104.366608,16.340754],[104.395216,16.348429],[104.395216,16.348429]]]]}},{"type":"Feature","properties":{"ADM1_EN":"Chaiyaphum","ADM1_TH":"ชัยภูมิ","ADM1_PCODE":"TH36","ADM0_EN":"Thailand","ADM0_TH":"ประเทศไทย"},"geometry":{"type":"MultiPolygon","coordinates":[[[[101.560348,16.728492],[101.585549,16.722686],[101.618869,16.685437],[101.636239,16.680564],[101.656409,16.688833],[101.687853,16.686599],[101.72504,16.652012],[101.750884,16.667786],[101.751499,16.654354],[101.7794,16.645822],[101.773653,16.631554],[101.800833,16.649407],[101.852719,16.657885],[101.872001,16.643125],[101.888936,16.645186],[101.922828,16.631352],[101.944131,16.63583],[101.950606,16.622528],[101.977353,16.609593],[101.990544,16.564109],[102.024751,16.556968],[102.031624,16.520927],[102.039599,16.51048],[102.122271,16.494279],[102.142418,16.503188],[102.17525,16.494235],[102.180591,16.505492],[102.198359,16.504412],[102.242198,16.479943],[102.245613,16.468753],[102.277055,16.459089],[102.300892,16.445197],[102.318184,16.455942],[102.32263,16.445491],[102.364365,16.449391],[102.365379,16.438324],[102.399181,16.446791],[102.427664,16.413157],[102.458868,16.394688],[102.446966,16.378671],[102.43729,16.327804],[102.4226,16.308306],[102.410755,16.271026],[102.417977,16.253409],[102.40313,16.242887],[102.380688,16.207772],[102.315099,16.115134],[102.282956,16.085578],[102.279913,16.072024],[102.302546,16.038265],[102.326537,16.030159],[102.338574,16.038558],[102.352384,16.024907],[102.351639,16.009432],[102.371717,16.002749],[102.385934,15.980816],[102.372114,15.975379],[102.369119,15.948523],[102.356982,15.932378],[102.361425,15.92025],[102.343107,15.881521],[102.320351,15.865526],[102.318294,15.849375],[102.328895,15.808961],[102.31192,15.807794],[102.306931,15.792441],[102.276499,15.780898],[102.256312,15.78144],[102.252055,15.759419],[102.232703,15.743564],[102.205045,15.757273],[102.201646,15.741277],[102.178977,15.747282],[102.157674,15.742057],[102.162025,15.725702],[102.143226,15.70681],[102.143093,15.677232],[102.132179,15.674943],[102.119801,15.653288],[102.084961,15.6239],[102.074618,15.624056],[102.071168,15.601508],[102.037743,15.548015],[102.042541,15.530016],[102.032624,15.500097],[102.034962,15.477973],[102.009651,15.457966],[101.98915,15.464621],[101.953303,15.454692],[101.937363,15.456432],[101.931731,15.436171],[101.911015,15.433449],[101.911215,15.422554],[101.878753,15.389103],[101.838976,15.414534],[101.802267,15.420468],[101.800883,15.402394],[101.778582,15.383981],[101.720261,15.384834],[101.65466,15.400339],[101.619102,15.37044],[101.607291,15.380274],[101.566055,15.371961],[101.543214,15.402247],[101.515759,15.399414],[101.494502,15.371541],[101.5007,15.356444],[101.435433,15.348141],[101.416916,15.332073],[101.382024,15.331403],[101.376018,15.379125],[101.377825,15.433421],[101.385707,15.486545],[101.374206,15.530734],[101.370625,15.597884],[101.379327,15.637054],[101.388977,15.656567],[101.399805,15.701869],[101.403556,15.739026],[101.381257,15.736843],[101.340703,15.756116],[101.329477,15.784122],[101.319634,15.78874],[101.330158,15.831023],[101.325716,15.852138],[101.338589,15.886872],[101.348292,15.886276],[101.369827,15.909703],[101.361025,15.923016],[101.370855,15.939489],[101.377812,15.989399],[101.364976,16.075004],[101.346046,16.069245],[101.333638,16.093451],[101.338947,16.104112],[101.342579,16.151648],[101.362305,16.182752],[101.379951,16.189745],[101.36698,16.227363],[101.373569,16.241493],[101.35481,16.260871],[101.371447,16.273947],[101.367721,16.29207],[101.379292,16.318389],[101.377764,16.348542],[101.409732,16.389943],[101.400914,16.401638],[101.416428,16.408314],[101.419008,16.423759],[101.444195,16.438172],[101.450676,16.455984],[101.473283,16.476918],[101.46476,16.514653],[101.49391,16.537192],[101.519537,16.549588],[101.498691,16.563171],[101.506487,16.61622],[101.526248,16.621723],[101.508859,16.655559],[101.513427,16.681131],[101.545394,16.668435],[101.571749,16.648256],[101.578719,16.670079],[101.570464,16.691809],[101.551969,16.71535],[101.560348,16.728492],[101.560348,16.728492]]]]}},{"type":"Feature","properties":{"ADM1_EN":"Amnat Charoen","ADM1_TH":"อำนาจเจริญ","ADM1_PCODE":"TH37","ADM0_EN":"Thailand","ADM0_TH":"ประเทศไทย"},"geometry":{"type":"MultiPolygon","coordinates":[[[[104.959824,16.283589],[104.988029,16.273347],[105.016214,16.243273],[105.011332,16.197583],[105.047323,16.10195],[105.028757,16.072534],[105.025796,16.056022],[105.003292,16.020523],[105.009938,15.999596],[105.024734,15.98745],[105.022562,15.974811],[104.998144,15.946922],[105.003781,15.93468],[104.98256,15.901172],[104.963411,15.860974],[104.96647,15.810937],[104.958361,15.789072],[104.907366,15.761401],[104.906001,15.724339],[104.891445,15.690265],[104.894936,15.653524],[104.933142,15.640393],[104.918404,15.601585],[104.896571,15.586497],[104.888126,15.546936],[104.878934,15.53725],[104.865631,15.548694],[104.876493,15.562132],[104.861727,15.57844],[104.822629,15.585818],[104.810929,15.601711],[104.795231,15.59554],[104.787957,15.62095],[104.746227,15.641392],[104.740745,15.656395],[104.72201,15.651462],[104.714383,15.660697],[104.693357,15.658924],[104.672879,15.675476],[104.645989,15.678673],[104.632013,15.689218],[104.607379,15.680033],[104.607426,15.665329],[104.629161,15.662753],[104.637434,15.646959],[104.61403,15.639027],[104.609728,15.616053],[104.578752,15.602581],[104.585243,15.5659],[104.55299,15.555394],[104.548316,15.543477],[104.513928,15.562033],[104.505964,15.586176],[104.490188,15.593358],[104.462831,15.5887],[104.464235,15.628336],[104.440351,15.618162],[104.445485,15.670659],[104.439306,15.700307],[104.423036,15.695305],[104.422456,15.723235],[104.433981,15.751722],[104.428705,15.766458],[104.435956,15.80861],[104.460132,15.842524],[104.448945,15.866299],[104.465155,15.912893],[104.497003,15.949222],[104.505052,15.951251],[104.50174,15.975634],[104.521667,15.985941],[104.52501,16.014625],[104.515183,16.02542],[104.536595,16.044922],[104.533836,16.056924],[104.561925,16.098563],[104.579277,16.100156],[104.627236,16.120423],[104.662013,16.123357],[104.730584,16.101101],[104.769394,16.105144],[104.783545,16.113009],[104.802851,16.094804],[104.813996,16.099033],[104.816229,16.133778],[104.825004,16.155256],[104.802892,16.164055],[104.789246,16.157434],[104.766074,16.196444],[104.78597,16.199728],[104.81731,16.187845],[104.825754,16.204778],[104.85483,16.201648],[104.88218,16.213465],[104.885588,16.235163],[104.93065,16.2533],[104.959784,16.271722],[104.959824,16.283589],[104.959824,16.283589]]]]}},{"type":"Feature","properties":{"ADM1_EN":"Bueng Kan","ADM1_TH":"บึงกาฬ","ADM1_PCODE":"TH38","ADM0_EN":"Thailand","ADM0_TH":"ประเทศไทย"},"geometry":{"type":"MultiPolygon","coordinates":[[[[103.404965,18.448984],[103.457768,18.425566],[103.520596,18.426785],[103.545381,18.421338],[103.56695,18.407724],[103.601221,18.406395],[103.639658,18.388584],[103.688714,18.348588],[103.70615,18.342279],[103.750051,18.339708],[103.796806,18.34278],[103.823851,18.33629],[103.840829,18.318356],[103.860016,18.283908],[103.889496,18.296464],[103.921116,18.327135],[103.949466,18.338583],[103.975195,18.336028],[104.06362,18.21393],[104.063494,18.204433],[104.090325,18.157857],[104.109441,18.110939],[104.189982,18.02374],[104.172758,18.002745],[104.111823,18.004808],[104.118564,17.964962],[104.134138,17.955929],[104.123494,17.921603],[104.097718,17.906319],[104.069459,17.87816],[104.057225,17.905694],[104.031149,17.910099],[104.009575,17.892017],[103.998052,17.893291],[103.981698,17.85882],[104.013116,17.83028],[104.012231,17.810802],[103.987317,17.789174],[103.979561,17.77086],[103.942196,17.785138],[103.934722,17.806672],[103.917645,17.821109],[103.922803,17.854751],[103.900194,17.84933],[103.904057,17.880757],[103.87266,17.873867],[103.855669,17.883022],[103.836064,17.870213],[103.793386,17.872595],[103.810478,17.859702],[103.796091,17.842191],[103.764953,17.882279],[103.786744,17.892285],[103.775608,17.906642],[103.783426,17.927933],[103.757479,17.920625],[103.765771,17.954515],[103.749398,17.926255],[103.752271,17.91473],[103.721795,17.926033],[103.717531,17.940712],[103.685346,17.955256],[103.660795,17.951248],[103.661818,17.973753],[103.650964,17.963047],[103.638741,17.975902],[103.625834,17.967805],[103.621531,18.004203],[103.64046,18.012045],[103.61112,18.013138],[103.605921,18.035187],[103.589615,18.049547],[103.585827,18.037372],[103.557956,18.062489],[103.516113,18.074326],[103.49643,18.064942],[103.49479,18.017904],[103.503853,17.996697],[103.492554,17.987702],[103.471202,18.004485],[103.463167,17.988689],[103.449233,17.994393],[103.429872,17.98315],[103.399164,17.992098],[103.406063,18.006323],[103.374636,18.033618],[103.353626,18.027999],[103.350109,18.047277],[103.313625,18.056941],[103.299919,18.081398],[103.313603,18.09977],[103.295496,18.104043],[103.29472,18.119635],[103.317155,18.123124],[103.336839,18.136927],[103.335625,18.152096],[103.366741,18.163023],[103.342183,18.175914],[103.32892,18.210861],[103.270594,18.236262],[103.25937,18.248946],[103.275815,18.269196],[103.294376,18.271797],[103.296442,18.31619],[103.277944,18.330732],[103.253522,18.336342],[103.243911,18.368351],[103.282408,18.402696],[103.295601,18.424453],[103.312766,18.434383],[103.355884,18.435851],[103.404965,18.448984],[103.404965,18.448984]]]]}},{"type":"Feature","properties":{"ADM1_EN":"Nong Bua Lam Phu","ADM1_TH":"หนองบัวลำภู","ADM1_PCODE":"TH39","ADM0_EN":"Thailand","ADM0_TH":"ประเทศไทย"},"geometry":{"type":"MultiPolygon","coordinates":[[[[102.28665,17.69207],[102.301955,17.674921],[102.317942,17.679183],[102.325834,17.598169],[102.333371,17.579014],[102.332481,17.550936],[102.368845,17.500346],[102.398609,17.414633],[102.426235,17.3689],[102.440987,17.325918],[102.43775,17.282307],[102.460397,17.287112],[102.487054,17.283089],[102.500307,17.272152],[102.54917,17.276797],[102.559341,17.269509],[102.592695,17.265869],[102.574421,17.233639],[102.538514,17.225542],[102.501396,17.229786],[102.491148,17.207546],[102.469747,17.201415],[102.504205,17.146268],[102.519252,17.100184],[102.540142,17.070791],[102.571968,17.044697],[102.613894,17.024552],[102.64837,17.000118],[102.669706,16.993462],[102.679153,16.969005],[102.665358,16.926562],[102.639277,16.879956],[102.618718,16.827545],[102.605398,16.772023],[102.549736,16.781281],[102.502789,16.801947],[102.455087,16.806863],[102.450004,16.790148],[102.433294,16.783686],[102.414773,16.794924],[102.404834,16.815985],[102.392106,16.810404],[102.361889,16.816749],[102.31677,16.855457],[102.296347,16.891063],[102.249778,16.891751],[102.213796,16.860349],[102.18808,16.85755],[102.156948,16.880629],[102.123946,16.881113],[102.104926,16.897324],[102.096781,16.882604],[102.05029,16.902894],[102.029211,16.950675],[102.050585,16.964794],[102.06725,16.961],[102.091331,16.980484],[102.123882,16.993987],[102.154012,17.028095],[102.13016,17.037409],[102.119692,17.056677],[102.101745,17.067463],[102.105607,17.080899],[102.085789,17.113705],[102.072701,17.111894],[102.039893,17.135479],[102.034028,17.148177],[102.044221,17.164276],[102.023927,17.206066],[102.035361,17.219308],[102.082238,17.176146],[102.09678,17.177072],[102.077069,17.248204],[102.052418,17.250716],[102.026442,17.281245],[101.983789,17.31605],[101.990402,17.33411],[102.020261,17.341205],[102.018025,17.373913],[101.981789,17.411471],[101.992972,17.421547],[101.987499,17.454091],[102.028202,17.459235],[102.052733,17.449159],[102.087197,17.465262],[102.105055,17.446808],[102.127072,17.456906],[102.108674,17.481105],[102.128286,17.491692],[102.13981,17.532409],[102.13516,17.553404],[102.119334,17.568468],[102.106379,17.607661],[102.083241,17.634302],[102.106121,17.64632],[102.13026,17.636314],[102.149479,17.665951],[102.176969,17.659377],[102.245082,17.650672],[102.269407,17.662668],[102.262573,17.689524],[102.28665,17.69207],[102.28665,17.69207]]]]}},{"type":"Feature","properties":{"ADM1_EN":"Khon Kaen","ADM1_TH":"ขอนแก่น","ADM1_PCODE":"TH40","ADM0_EN":"Thailand","ADM0_TH":"ประเทศไทย"},"geometry":{"type":"MultiPolygon","coordinates":[[[[102.707225,17.087127],[102.723255,17.049519],[102.750543,17.041822],[102.764436,17.025499],[102.787398,17.015001],[102.801817,16.987475],[102.822799,16.972804],[102.804418,16.957412],[102.819628,16.939371],[102.810257,16.893892],[102.82511,16.862456],[102.854496,16.883033],[102.882741,16.875557],[102.912532,16.838586],[102.941858,16.836399],[102.979433,16.855363],[103.052527,16.885641],[103.099581,16.913094],[103.123213,16.899139],[103.114456,16.853063],[103.102349,16.841372],[103.114103,16.818157],[103.136639,16.829349],[103.14122,16.855442],[103.133898,16.870176],[103.175072,16.863453],[103.17112,16.846494],[103.184459,16.820133],[103.181117,16.789419],[103.171202,16.770314],[103.153153,16.761237],[103.14699,16.745957],[103.157464,16.736599],[103.144842,16.701862],[103.158798,16.670519],[103.151309,16.661674],[103.152714,16.610576],[103.123886,16.595801],[103.11882,16.566699],[103.087167,16.528237],[103.087098,16.517653],[103.042806,16.490751],[103.032781,16.501407],[103.018172,16.47314],[102.966924,16.457105],[102.950474,16.445156],[102.948359,16.422003],[102.958055,16.428177],[102.950128,16.390236],[102.924568,16.380019],[102.927122,16.366553],[102.907754,16.361652],[102.89853,16.348949],[102.895342,16.319378],[102.851296,16.281189],[102.843645,16.209494],[102.845053,16.172463],[102.857241,16.162686],[102.843858,16.150881],[102.854474,16.126044],[102.868843,16.118659],[102.847863,16.075337],[102.861396,16.059056],[102.859041,16.038958],[102.876193,16.037974],[102.895064,16.022678],[102.884149,16.016785],[102.909031,15.984103],[102.889926,15.940421],[102.901689,15.905412],[102.915705,15.8814],[102.925159,15.880344],[102.919731,15.823188],[102.932089,15.800573],[102.877468,15.771565],[102.880495,15.7459],[102.869788,15.682876],[102.883534,15.672487],[102.855287,15.636127],[102.776603,15.633585],[102.778212,15.649185],[102.743897,15.669621],[102.716435,15.666226],[102.708169,15.685134],[102.689583,15.702554],[102.694418,15.714244],[102.68251,15.72845],[102.666625,15.715343],[102.635497,15.717796],[102.61352,15.727603],[102.598164,15.712969],[102.556515,15.703634],[102.530689,15.711383],[102.512548,15.728309],[102.481496,15.718193],[102.449122,15.715982],[102.421218,15.694922],[102.403836,15.700833],[102.386993,15.725575],[102.356986,15.740284],[102.363221,15.767363],[102.327136,15.799284],[102.318294,15.849375],[102.320351,15.865526],[102.335412,15.871355],[102.361425,15.92025],[102.356982,15.932378],[102.369119,15.948523],[102.381355,15.993792],[102.351639,16.009432],[102.352384,16.024907],[102.338574,16.038558],[102.326537,16.030159],[102.302546,16.038265],[102.279913,16.072024],[102.282956,16.085578],[102.315099,16.115134],[102.380688,16.207772],[102.40313,16.242887],[102.417977,16.253409],[102.410755,16.271026],[102.4226,16.308306],[102.43729,16.327804],[102.446966,16.378671],[102.458868,16.394688],[102.415479,16.422831],[102.400885,16.467511],[102.399181,16.446791],[102.374882,16.434825],[102.364365,16.449391],[102.332186,16.445019],[102.318184,16.455942],[102.300892,16.445197],[102.244045,16.469491],[102.242198,16.479943],[102.198359,16.504412],[102.180591,16.505492],[102.17525,16.494235],[102.138809,16.498859],[102.067811,16.493606],[102.069273,16.503715],[102.039599,16.51048],[102.032421,16.540714],[102.018605,16.558878],[101.990544,16.564109],[101.977353,16.609593],[101.950606,16.622528],[101.944131,16.63583],[101.918529,16.630133],[101.888936,16.645186],[101.872001,16.643125],[101.852719,16.657885],[101.833339,16.658414],[101.773653,16.631554],[101.7794,16.645822],[101.751499,16.654354],[101.75338,16.677844],[101.772694,16.688414],[101.776158,16.71227],[101.791113,16.726446],[101.786426,16.741362],[101.793846,16.766099],[101.867314,16.79342],[101.881819,16.811361],[101.898091,16.812321],[101.951323,16.840523],[101.946612,16.849694],[101.993851,16.839983],[102.009335,16.869754],[102.039767,16.858348],[102.055124,16.875333],[102.081642,16.88965],[102.096781,16.882604],[102.104926,16.897324],[102.123946,16.881113],[102.156948,16.880629],[102.18808,16.85755],[102.213796,16.860349],[102.249778,16.891751],[102.296347,16.891063],[102.31677,16.855457],[102.352245,16.829897],[102.361889,16.816749],[102.392106,16.810404],[102.404834,16.815985],[102.414773,16.794924],[102.433294,16.783686],[102.450004,16.790148],[102.455087,16.806863],[102.502789,16.801947],[102.549736,16.781281],[102.605398,16.772023],[102.618718,16.827545],[102.639277,16.879956],[102.665358,16.926562],[102.679153,16.969005],[102.669327,16.994963],[102.681954,17.017186],[102.679539,17.051522],[102.707225,17.087127],[102.707225,17.087127]]]]}},{"type":"Feature","properties":{"ADM1_EN":"Udon Thani","ADM1_TH":"อุดรธานี","ADM1_PCODE":"TH41","ADM0_EN":"Thailand","ADM0_TH":"ประเทศไทย"},"geometry":{"type":"MultiPolygon","coordinates":[[[[102.058057,18.086202],[102.101891,18.078637],[102.112627,18.055118],[102.107796,18.026049],[102.14233,18.035444],[102.139921,18.006691],[102.15595,17.990348],[102.169916,18.006869],[102.200892,18.022003],[102.204797,18.008491],[102.238615,18.001798],[102.245511,17.992221],[102.275928,17.980617],[102.281471,17.99324],[102.295686,17.9804],[102.30937,17.946919],[102.336196,17.934112],[102.400195,17.876228],[102.398566,17.846289],[102.424812,17.820546],[102.441424,17.819934],[102.430471,17.791816],[102.439617,17.767806],[102.468979,17.752978],[102.523702,17.763182],[102.538279,17.745096],[102.611874,17.683475],[102.59681,17.669298],[102.602953,17.653679],[102.596709,17.622551],[102.605518,17.625281],[102.646944,17.614282],[102.651288,17.593769],[102.668,17.596269],[102.694507,17.621024],[102.717316,17.604043],[102.73155,17.603536],[102.738612,17.618105],[102.768321,17.622386],[102.761371,17.644008],[102.773906,17.646563],[102.784126,17.682505],[102.830745,17.693628],[102.842025,17.720404],[102.854094,17.776293],[102.838563,17.794057],[102.83755,17.82376],[102.844163,17.836656],[102.869141,17.846495],[102.869829,17.888125],[102.927446,17.893047],[102.96103,17.827342],[102.981798,17.829985],[102.988392,17.843457],[103.004083,17.84201],[103.012477,17.875808],[103.057117,17.879486],[103.078005,17.885742],[103.101399,17.860341],[103.113986,17.861221],[103.122702,17.832477],[103.152766,17.802811],[103.166753,17.814244],[103.177431,17.849965],[103.190546,17.871299],[103.220932,17.870566],[103.24059,17.885691],[103.266196,17.865477],[103.270021,17.84874],[103.300315,17.827074],[103.329837,17.824585],[103.341248,17.849136],[103.389734,17.869897],[103.395199,17.903789],[103.407598,17.904479],[103.417653,17.882039],[103.405442,17.876883],[103.406678,17.858509],[103.393713,17.85569],[103.419427,17.843332],[103.414127,17.834223],[103.380076,17.837271],[103.389988,17.829741],[103.368048,17.794246],[103.367761,17.779944],[103.385791,17.75232],[103.401633,17.757017],[103.410703,17.728389],[103.400892,17.684935],[103.407192,17.669346],[103.398217,17.642627],[103.397363,17.617232],[103.411028,17.596395],[103.360395,17.59165],[103.337799,17.578309],[103.335173,17.557445],[103.323479,17.554562],[103.316923,17.523806],[103.286997,17.498314],[103.290129,17.468274],[103.27465,17.443573],[103.285141,17.4155],[103.301401,17.39523],[103.272524,17.348023],[103.26696,17.328422],[103.250814,17.313022],[103.262645,17.289542],[103.282867,17.266427],[103.307861,17.270583],[103.354911,17.25289],[103.361153,17.236024],[103.377994,17.235662],[103.417102,17.212494],[103.421531,17.219438],[103.451502,17.212587],[103.47026,17.229916],[103.475071,17.217499],[103.532273,17.185794],[103.572645,17.157303],[103.599378,17.170053],[103.620224,17.150723],[103.638446,17.11145],[103.668069,17.105884],[103.654079,17.071423],[103.66634,17.054491],[103.66212,17.019615],[103.646723,17.024101],[103.652798,17.047703],[103.607674,17.09921],[103.548857,17.089046],[103.536854,17.06561],[103.519689,17.059129],[103.515543,17.041695],[103.519708,16.997936],[103.494379,16.969912],[103.487593,16.942819],[103.490916,16.902617],[103.44322,16.847351],[103.449729,16.834482],[103.421625,16.803074],[103.40819,16.850747],[103.410692,16.871491],[103.395904,16.892963],[103.350807,16.92091],[103.290379,16.924078],[103.274091,16.943457],[103.221166,16.967853],[103.198363,16.948179],[103.176021,16.952719],[103.15196,16.94817],[103.121327,16.962335],[103.098379,16.930825],[103.098116,16.912622],[103.025885,16.872329],[102.979433,16.855363],[102.941858,16.836399],[102.912532,16.838586],[102.882741,16.875557],[102.854496,16.883033],[102.82511,16.862456],[102.810257,16.893892],[102.811946,16.923371],[102.820395,16.9367],[102.804418,16.957412],[102.822654,16.972959],[102.801093,16.987889],[102.788862,17.013708],[102.76161,17.028089],[102.750543,17.041822],[102.723255,17.049519],[102.710246,17.08636],[102.679539,17.051522],[102.681954,17.017186],[102.669336,16.993735],[102.64837,17.000118],[102.613894,17.024552],[102.571968,17.044697],[102.540142,17.070791],[102.519252,17.100184],[102.504205,17.146268],[102.469747,17.201415],[102.491148,17.207546],[102.501396,17.229786],[102.538514,17.225542],[102.574421,17.233639],[102.592695,17.265869],[102.559341,17.269509],[102.54917,17.276797],[102.500307,17.272152],[102.487054,17.283089],[102.460397,17.287112],[102.43775,17.282307],[102.440987,17.325918],[102.426235,17.3689],[102.398609,17.414633],[102.368845,17.500346],[102.332481,17.550936],[102.333371,17.579014],[102.325834,17.598169],[102.317942,17.679183],[102.301955,17.674921],[102.296017,17.686137],[102.262573,17.689524],[102.269407,17.662668],[102.245082,17.650672],[102.176969,17.659377],[102.149479,17.665951],[102.13026,17.636314],[102.119759,17.632755],[102.104721,17.647226],[102.083323,17.634296],[102.06116,17.657018],[102.036432,17.650291],[102.039272,17.663348],[102.026538,17.676438],[102.029656,17.700199],[102.017801,17.746344],[102.030608,17.786168],[102.045151,17.792693],[102.036525,17.80642],[102.047261,17.818925],[102.052256,17.871192],[102.038677,17.884039],[102.038792,17.907654],[102.024269,17.976845],[102.015773,17.98103],[102.038902,17.99413],[102.037228,18.022637],[102.054009,18.036252],[102.052593,18.074831],[102.058057,18.086202],[102.058057,18.086202]]]]}},{"type":"Feature","properties":{"ADM1_EN":"Loei","ADM1_TH":"เลย","ADM1_PCODE":"TH42","ADM0_EN":"Thailand","ADM0_TH":"ประเทศไทย"},"geometry":{"type":"MultiPolygon","coordinates":[[[[102.095047,18.217084],[102.101115,18.201459],[102.101429,18.162238],[102.068382,18.143827],[102.052593,18.074831],[102.054009,18.036252],[102.037228,18.022637],[102.038902,17.99413],[102.015773,17.98103],[102.024269,17.976845],[102.038792,17.907654],[102.038677,17.884039],[102.052256,17.871192],[102.047261,17.818925],[102.036525,17.80642],[102.045151,17.792693],[102.030608,17.786168],[102.017801,17.746344],[102.029656,17.700199],[102.026538,17.676438],[102.039272,17.663348],[102.036432,17.650291],[102.06116,17.657018],[102.078427,17.645811],[102.106379,17.607661],[102.119334,17.568468],[102.13516,17.553404],[102.13981,17.532409],[102.128286,17.491692],[102.108674,17.481105],[102.127072,17.456906],[102.105055,17.446808],[102.087197,17.465262],[102.052733,17.449159],[102.028202,17.459235],[101.987499,17.454091],[101.992972,17.421547],[101.981789,17.411471],[102.018025,17.373913],[102.020261,17.341205],[101.990402,17.33411],[101.983789,17.31605],[102.026442,17.281245],[102.052418,17.250716],[102.077069,17.248204],[102.09678,17.177072],[102.082238,17.176146],[102.035361,17.219308],[102.023607,17.204108],[102.044221,17.164276],[102.034028,17.148177],[102.039893,17.135479],[102.072701,17.111894],[102.085789,17.113705],[102.105607,17.080899],[102.103923,17.065263],[102.119692,17.056677],[102.13016,17.037409],[102.154012,17.028095],[102.123882,16.993987],[102.091331,16.980484],[102.06725,16.961],[102.050585,16.964794],[102.029211,16.950675],[102.05029,16.902894],[102.068069,16.892855],[102.039767,16.858348],[102.009335,16.869754],[101.993851,16.839983],[101.946612,16.849694],[101.951323,16.840523],[101.898091,16.812321],[101.881819,16.811361],[101.867314,16.79342],[101.834177,16.783806],[101.785246,16.762178],[101.730139,16.753574],[101.718061,16.759879],[101.704392,16.78412],[101.686382,16.79848],[101.700515,16.8095],[101.719479,16.799538],[101.718777,16.815526],[101.693589,16.834987],[101.67709,16.867521],[101.692065,16.923654],[101.669835,16.96018],[101.674801,16.976225],[101.659823,16.99532],[101.645477,17.028362],[101.650302,17.040232],[101.628632,17.044989],[101.612976,17.004289],[101.5877,16.996228],[101.575381,16.983817],[101.551638,16.994731],[101.533594,17.023192],[101.504279,17.010135],[101.491928,17.033112],[101.489343,17.058907],[101.476022,17.088541],[101.458729,17.09868],[101.445624,17.146948],[101.395439,17.177979],[101.362451,17.171537],[101.306845,17.128806],[101.306292,17.11821],[101.272727,17.096208],[101.250161,17.111594],[101.224702,17.083577],[101.228638,17.06481],[101.188435,17.06597],[101.167176,17.037374],[101.120688,17.022822],[101.111174,17.007798],[101.115516,16.951644],[101.100532,16.911552],[101.07904,16.899558],[101.066875,16.902479],[101.071489,16.924477],[101.03953,16.928833],[101.026685,16.943896],[101.051437,16.955972],[101.046412,17.002213],[101.058261,17.028763],[101.056426,17.093928],[101.051202,17.115307],[101.071602,17.11767],[101.077821,17.136619],[101.075081,17.177686],[101.107986,17.216353],[101.108774,17.235286],[101.092771,17.253108],[101.080107,17.281979],[101.048428,17.286235],[101.027076,17.311058],[101.015421,17.311557],[101.006996,17.333173],[100.99293,17.341427],[100.93709,17.335474],[100.91368,17.342615],[100.91679,17.399315],[100.922433,17.402252],[100.916419,17.45084],[100.893872,17.465575],[100.874524,17.449364],[100.854908,17.451512],[100.834784,17.468486],[100.833821,17.482538],[100.871829,17.529179],[100.861172,17.544738],[100.879289,17.583797],[100.900058,17.591013],[100.928158,17.56924],[100.959445,17.575399],[100.989535,17.567905],[101.002825,17.5568],[101.046131,17.544028],[101.046253,17.530314],[101.08079,17.502987],[101.102218,17.509289],[101.094017,17.495775],[101.109746,17.480239],[101.136214,17.483261],[101.160211,17.467142],[101.162755,17.490706],[101.182758,17.497861],[101.175176,17.523229],[101.189344,17.531169],[101.229151,17.535905],[101.2422,17.553637],[101.258726,17.59727],[101.311732,17.641181],[101.305488,17.649353],[101.345449,17.659235],[101.360595,17.680516],[101.377937,17.68232],[101.386532,17.697438],[101.401766,17.682733],[101.405647,17.700298],[101.428405,17.71259],[101.42169,17.723751],[101.401076,17.723739],[101.40329,17.735482],[101.436329,17.731877],[101.482082,17.760477],[101.477159,17.745181],[101.497257,17.750742],[101.521966,17.773224],[101.547306,17.786888],[101.57438,17.784858],[101.566968,17.803588],[101.552806,17.807794],[101.570069,17.864463],[101.580858,17.867833],[101.587905,17.851016],[101.59976,17.853243],[101.616969,17.893594],[101.650216,17.896646],[101.693918,17.913061],[101.717356,17.906082],[101.733565,17.928547],[101.728761,17.948064],[101.754148,18.006775],[101.756964,18.036746],[101.765881,18.054596],[101.786966,18.071663],[101.856529,18.04434],[101.873873,18.0291],[101.903512,18.029858],[101.953063,18.091725],[101.953347,18.102972],[101.994858,18.124496],[102.032736,18.16148],[102.0438,18.199131],[102.079456,18.218187],[102.095047,18.217084],[102.095047,18.217084]]]]}},{"type":"Feature","properties":{"ADM1_EN":"Nong Khai","ADM1_TH":"หนองคาย","ADM1_PCODE":"TH43","ADM0_EN":"Thailand","ADM0_TH":"ประเทศไทย"},"geometry":{"type":"MultiPolygon","coordinates":[[[[103.298493,18.296984],[103.294376,18.271797],[103.275815,18.269196],[103.25937,18.248946],[103.270594,18.236262],[103.32892,18.210861],[103.342183,18.175914],[103.366741,18.163023],[103.335625,18.152096],[103.336839,18.136927],[103.317155,18.123124],[103.29472,18.119635],[103.295496,18.104043],[103.313603,18.09977],[103.299919,18.081398],[103.313625,18.056941],[103.350109,18.047277],[103.353626,18.027999],[103.374636,18.033618],[103.406063,18.006323],[103.399147,17.981378],[103.392249,17.986319],[103.388636,17.958518],[103.409953,17.946513],[103.412458,17.931371],[103.398221,17.928515],[103.397437,17.882642],[103.389734,17.869897],[103.341248,17.849136],[103.329837,17.824585],[103.300315,17.827074],[103.270021,17.84874],[103.266196,17.865477],[103.24059,17.885691],[103.220932,17.870566],[103.190546,17.871299],[103.177431,17.849965],[103.166753,17.814244],[103.152766,17.802811],[103.122702,17.832477],[103.113986,17.861221],[103.101399,17.860341],[103.078005,17.885742],[103.058723,17.879602],[103.037032,17.890921],[103.03964,17.879666],[103.012477,17.875808],[103.004083,17.84201],[102.988392,17.843457],[102.981798,17.829985],[102.96103,17.827342],[102.927446,17.893047],[102.869829,17.888125],[102.869141,17.846495],[102.844163,17.836656],[102.83755,17.82376],[102.838563,17.794057],[102.854094,17.776293],[102.84546,17.761627],[102.849554,17.736848],[102.832893,17.715667],[102.830745,17.693628],[102.784126,17.682505],[102.773906,17.646563],[102.761371,17.644008],[102.766471,17.619926],[102.749111,17.623221],[102.73155,17.603536],[102.717316,17.604043],[102.694507,17.621024],[102.668,17.596269],[102.651288,17.593769],[102.646944,17.614282],[102.605518,17.625281],[102.596709,17.622551],[102.602953,17.653679],[102.59681,17.669298],[102.611874,17.683475],[102.538279,17.745096],[102.523702,17.763182],[102.468979,17.752978],[102.439617,17.767806],[102.430471,17.791816],[102.441424,17.819934],[102.424812,17.820546],[102.40036,17.843475],[102.400195,17.876228],[102.336196,17.934112],[102.30937,17.946919],[102.295686,17.9804],[102.281471,17.99324],[102.275928,17.980617],[102.245511,17.992221],[102.234906,18.004224],[102.204797,18.008491],[102.200892,18.022003],[102.169916,18.006869],[102.15595,17.990348],[102.139921,18.006691],[102.14233,18.035444],[102.107796,18.026049],[102.112627,18.055118],[102.101891,18.078637],[102.05514,18.086169],[102.069333,18.139015],[102.08448,18.158579],[102.101429,18.162238],[102.105657,18.213515],[102.134525,18.215852],[102.163968,18.203494],[102.185335,18.148089],[102.24667,18.100087],[102.288382,18.058996],[102.347583,18.045657],[102.425182,17.987386],[102.479434,17.966622],[102.508436,17.97129],[102.526553,17.963655],[102.555299,17.969977],[102.590919,17.962586],[102.613724,17.94157],[102.611879,17.90026],[102.591932,17.855837],[102.591697,17.838674],[102.643104,17.829118],[102.664699,17.80713],[102.689296,17.808005],[102.69629,17.822733],[102.677483,17.840033],[102.683098,17.864241],[102.696971,17.875676],[102.743299,17.886918],[102.763873,17.897717],[102.784158,17.932876],[102.813806,17.939558],[102.860446,17.973672],[102.906207,17.984598],[102.937798,18.001526],[102.960058,18.00544],[102.995124,17.991927],[103.021038,17.972648],[103.040627,17.981919],[103.075434,18.026434],[103.080783,18.050914],[103.072118,18.072478],[103.078033,18.117528],[103.087003,18.132974],[103.132743,18.158689],[103.155173,18.193283],[103.152558,18.232916],[103.168137,18.257758],[103.292971,18.299266],[103.298493,18.296984],[103.298493,18.296984]]]]}},{"type":"Feature","properties":{"ADM1_EN":"Maha Sarakham","ADM1_TH":"มหาสารคาม","ADM1_PCODE":"TH44","ADM0_EN":"Thailand","ADM0_TH":"ประเทศไทย"},"geometry":{"type":"MultiPolygon","coordinates":[[[[103.156155,16.642504],[103.191572,16.639671],[103.195717,16.627663],[103.167509,16.601086],[103.18118,16.577027],[103.187061,16.551599],[103.164125,16.503574],[103.167268,16.466829],[103.183727,16.450676],[103.185679,16.43559],[103.163549,16.389129],[103.175436,16.363433],[103.25997,16.376223],[103.2838,16.395649],[103.294886,16.390771],[103.299839,16.370097],[103.343588,16.36023],[103.355113,16.307402],[103.395659,16.292717],[103.413082,16.281234],[103.404451,16.256819],[103.413378,16.24052],[103.427954,16.236564],[103.448395,16.212539],[103.440947,16.205019],[103.452023,16.182235],[103.471473,16.192086],[103.480173,16.208363],[103.503138,16.208655],[103.488133,16.187892],[103.4811,16.147221],[103.457768,16.122409],[103.454314,16.081286],[103.470387,16.046785],[103.460443,16.024054],[103.463041,15.971736],[103.488253,15.931383],[103.457196,15.908035],[103.440656,15.841753],[103.439932,15.800385],[103.425579,15.773194],[103.40835,15.766398],[103.410057,15.744659],[103.423353,15.728325],[103.411369,15.711672],[103.396251,15.708978],[103.351701,15.725765],[103.32971,15.699434],[103.30103,15.706385],[103.308373,15.693576],[103.267117,15.649622],[103.298962,15.648853],[103.289153,15.62081],[103.273782,15.601569],[103.297076,15.586939],[103.302287,15.562821],[103.354932,15.541115],[103.360231,15.526251],[103.39077,15.539026],[103.424066,15.533179],[103.420906,15.505877],[103.397191,15.431389],[103.378079,15.427478],[103.347794,15.408958],[103.269492,15.423358],[103.250753,15.448346],[103.110889,15.484133],[103.07299,15.497399],[103.090461,15.530577],[103.087309,15.538385],[103.0466,15.563636],[103.05387,15.589383],[103.029319,15.598817],[103.012484,15.628141],[102.974578,15.660714],[102.975343,15.670349],[103.007218,15.689013],[103.005416,15.728632],[102.988055,15.732823],[102.978953,15.750872],[102.941288,15.766231],[102.929821,15.794054],[102.931128,15.815615],[102.919731,15.823188],[102.925159,15.880344],[102.915705,15.8814],[102.901689,15.905412],[102.889926,15.940421],[102.909031,15.984103],[102.884149,16.016785],[102.895064,16.022678],[102.876193,16.037974],[102.859041,16.038958],[102.861396,16.059056],[102.847863,16.075337],[102.868843,16.118659],[102.854474,16.126044],[102.843858,16.150881],[102.857241,16.162686],[102.845053,16.172463],[102.844718,16.232704],[102.851296,16.281189],[102.894063,16.315241],[102.89853,16.348949],[102.907754,16.361652],[102.927122,16.366553],[102.924568,16.380019],[102.950128,16.390236],[102.958055,16.428177],[102.948359,16.422003],[102.950474,16.445156],[102.966924,16.457105],[103.018172,16.47314],[103.032781,16.501407],[103.042806,16.490751],[103.087098,16.517653],[103.087167,16.528237],[103.11882,16.566699],[103.123886,16.595801],[103.152714,16.610576],[103.156155,16.642504],[103.156155,16.642504]]]]}},{"type":"Feature","properties":{"ADM1_EN":"Roi Et","ADM1_TH":"ร้อยเอ็ด","ADM1_PCODE":"TH45","ADM0_EN":"Thailand","ADM0_TH":"ประเทศไทย"},"geometry":{"type":"MultiPolygon","coordinates":[[[[104.313973,16.437585],[104.319111,16.423562],[104.315105,16.393419],[104.32606,16.356213],[104.325387,16.33417],[104.348005,16.323211],[104.343787,16.292216],[104.322584,16.264923],[104.296929,16.252855],[104.29676,16.238695],[104.249973,16.21902],[104.247832,16.194903],[104.216814,16.158342],[104.166033,16.142762],[104.150751,16.117103],[104.114844,16.114561],[104.095541,16.075538],[104.101893,16.049534],[104.112745,16.041645],[104.102311,16.006261],[104.103669,15.985484],[104.094112,15.977694],[104.061014,15.988143],[104.036359,15.984217],[104.011232,15.958113],[104.026502,15.961134],[104.034939,15.933861],[104.015078,15.886812],[104.036193,15.867145],[104.012216,15.836702],[104.001597,15.794966],[104.033374,15.796086],[104.077264,15.819122],[104.070247,15.83697],[104.096819,15.825018],[104.11099,15.806978],[104.131853,15.801397],[104.139516,15.784112],[104.127713,15.769804],[104.134205,15.746167],[104.127556,15.719955],[104.130015,15.697165],[104.139127,15.711277],[104.168456,15.673619],[104.187126,15.659303],[104.171511,15.656582],[104.190159,15.633321],[104.187001,15.609509],[104.209348,15.61823],[104.209458,15.608959],[104.161136,15.602848],[104.122029,15.577796],[104.121596,15.56265],[104.09803,15.564276],[104.103135,15.545816],[104.085533,15.550522],[104.074013,15.522428],[104.055497,15.515372],[104.059976,15.502419],[104.032206,15.489748],[104.016398,15.461557],[103.996952,15.449404],[103.989001,15.406978],[103.970813,15.409839],[103.974376,15.426514],[103.952405,15.412571],[103.942914,15.439157],[103.907223,15.436949],[103.892112,15.467981],[103.887114,15.454173],[103.877405,15.468371],[103.863699,15.449971],[103.847249,15.455888],[103.777601,15.434943],[103.744062,15.447591],[103.724317,15.438003],[103.667629,15.4462],[103.622664,15.466846],[103.592105,15.467587],[103.565802,15.460044],[103.532675,15.42655],[103.47841,15.452465],[103.445876,15.456038],[103.40327,15.436455],[103.400797,15.445019],[103.420906,15.505877],[103.424066,15.533179],[103.411072,15.540176],[103.384321,15.538566],[103.360231,15.526251],[103.354932,15.541115],[103.302287,15.562821],[103.297076,15.586939],[103.273782,15.601569],[103.289153,15.62081],[103.298962,15.648853],[103.267117,15.649622],[103.308373,15.693576],[103.30103,15.706385],[103.32971,15.699434],[103.351701,15.725765],[103.396251,15.708978],[103.411369,15.711672],[103.423353,15.728325],[103.410057,15.744659],[103.40835,15.766398],[103.425579,15.773194],[103.439932,15.800385],[103.440656,15.841753],[103.457196,15.908035],[103.488253,15.931383],[103.463041,15.971736],[103.460443,16.024054],[103.470387,16.046785],[103.454314,16.081286],[103.457768,16.122409],[103.4811,16.147221],[103.488133,16.187892],[103.502281,16.199651],[103.516946,16.195049],[103.535232,16.212886],[103.56028,16.21661],[103.55231,16.203067],[103.597547,16.19343],[103.627547,16.205431],[103.631172,16.190052],[103.661556,16.192637],[103.675449,16.204514],[103.669079,16.215197],[103.733947,16.223047],[103.733818,16.247212],[103.755047,16.271103],[103.754111,16.303597],[103.722939,16.330334],[103.727967,16.345637],[103.700153,16.374059],[103.724317,16.403331],[103.768992,16.426045],[103.806333,16.454254],[103.816548,16.468912],[103.843574,16.46213],[103.866,16.470687],[103.885209,16.453789],[103.928478,16.434328],[103.942676,16.442938],[103.97314,16.431009],[103.993829,16.443874],[104.036824,16.438155],[104.03924,16.396908],[104.045471,16.39088],[104.084727,16.409198],[104.097468,16.420843],[104.13665,16.424161],[104.147428,16.438595],[104.172424,16.445946],[104.18804,16.430536],[104.218057,16.43775],[104.237858,16.428572],[104.266063,16.436765],[104.284213,16.449883],[104.291189,16.472812],[104.306316,16.460349],[104.313973,16.437585],[104.313973,16.437585]]]]}},{"type":"Feature","properties":{"ADM1_EN":"Kalasin","ADM1_TH":"กาฬสินธุ์","ADM1_PCODE":"TH46","ADM0_EN":"Thailand","ADM0_TH":"ประเทศไทย"},"geometry":{"type":"MultiPolygon","coordinates":[[[[103.584038,17.09981],[103.620743,17.092853],[103.639871,17.058391],[103.652798,17.047703],[103.646723,17.024101],[103.673689,17.020485],[103.695011,17.033677],[103.730254,17.003574],[103.718557,16.984479],[103.735932,16.990097],[103.739999,16.971271],[103.750513,16.973142],[103.782809,16.959029],[103.775948,16.943648],[103.788899,16.888803],[103.806042,16.884601],[103.834745,16.865695],[103.842662,16.840182],[103.873389,16.829814],[103.874045,16.819522],[103.950993,16.776563],[103.956584,16.819359],[103.968038,16.811424],[103.981387,16.834713],[104.011375,16.843837],[104.022814,16.855939],[104.035734,16.846112],[104.068931,16.837856],[104.073548,16.815646],[104.091921,16.810341],[104.094676,16.789669],[104.114612,16.766337],[104.134305,16.77196],[104.14283,16.759263],[104.131015,16.748532],[104.136142,16.729472],[104.15106,16.715276],[104.153963,16.698579],[104.168813,16.697989],[104.166671,16.674192],[104.199091,16.660023],[104.182172,16.637685],[104.173121,16.609311],[104.177756,16.596898],[104.203891,16.585631],[104.205461,16.565155],[104.225851,16.549678],[104.222327,16.529461],[104.238118,16.522386],[104.238686,16.491587],[104.224681,16.467919],[104.238525,16.454517],[104.237858,16.428572],[104.218057,16.43775],[104.18804,16.430536],[104.172424,16.445946],[104.147428,16.438595],[104.13665,16.424161],[104.097468,16.420843],[104.045471,16.39088],[104.039654,16.427266],[104.030031,16.44345],[103.993829,16.443874],[103.97314,16.431009],[103.947763,16.443924],[103.928478,16.434328],[103.885209,16.453789],[103.866,16.470687],[103.843574,16.46213],[103.816548,16.468912],[103.806333,16.454254],[103.768992,16.426045],[103.724317,16.403331],[103.700153,16.374059],[103.727967,16.345637],[103.722939,16.330334],[103.754111,16.303597],[103.755047,16.271103],[103.734026,16.247702],[103.733947,16.223047],[103.669079,16.215197],[103.675449,16.204514],[103.65135,16.188852],[103.631172,16.190052],[103.627547,16.205431],[103.606668,16.194884],[103.55231,16.203067],[103.56028,16.21661],[103.535232,16.212886],[103.516946,16.195049],[103.480173,16.208363],[103.471473,16.192086],[103.452023,16.182235],[103.440947,16.205019],[103.448395,16.212539],[103.427954,16.236564],[103.413378,16.24052],[103.404451,16.256819],[103.413082,16.281234],[103.395659,16.292717],[103.355113,16.307402],[103.343588,16.36023],[103.299839,16.370097],[103.294886,16.390771],[103.2838,16.395649],[103.25997,16.376223],[103.175436,16.363433],[103.163549,16.389129],[103.185679,16.43559],[103.183727,16.450676],[103.167268,16.466829],[103.164125,16.503574],[103.187061,16.551599],[103.18118,16.577027],[103.167509,16.601086],[103.195717,16.627663],[103.191572,16.639671],[103.152399,16.643604],[103.158798,16.670519],[103.144842,16.701862],[103.157464,16.736599],[103.14699,16.745957],[103.153153,16.761237],[103.171202,16.770314],[103.180305,16.787681],[103.184459,16.820133],[103.17112,16.846494],[103.175072,16.863453],[103.133898,16.870176],[103.14122,16.855442],[103.136639,16.829349],[103.114103,16.818157],[103.102349,16.841372],[103.114456,16.853063],[103.123213,16.899139],[103.097693,16.913043],[103.098379,16.930825],[103.121327,16.962335],[103.15196,16.94817],[103.176021,16.952719],[103.198363,16.948179],[103.221166,16.967853],[103.274091,16.943457],[103.290379,16.924078],[103.350807,16.92091],[103.395904,16.892963],[103.410692,16.871491],[103.40819,16.850747],[103.421625,16.803074],[103.449729,16.834482],[103.44322,16.847351],[103.490916,16.902617],[103.487593,16.942819],[103.494379,16.969912],[103.519708,16.997936],[103.515543,17.041695],[103.519689,17.059129],[103.536854,17.06561],[103.548857,17.089046],[103.584038,17.09981],[103.584038,17.09981]]]]}},{"type":"Feature","properties":{"ADM1_EN":"Sakon Nakhon","ADM1_TH":"สกลนคร","ADM1_PCODE":"TH47","ADM0_EN":"Thailand","ADM0_TH":"ประเทศไทย"},"geometry":{"type":"MultiPolygon","coordinates":[[[[103.540403,18.067848],[103.557956,18.062489],[103.585827,18.037372],[103.589615,18.049547],[103.605921,18.035187],[103.61112,18.013138],[103.64046,18.012045],[103.621531,18.004203],[103.625834,17.967805],[103.638741,17.975902],[103.650964,17.963047],[103.661818,17.973753],[103.660795,17.951248],[103.685346,17.955256],[103.717531,17.940712],[103.721795,17.926033],[103.752271,17.91473],[103.749398,17.926255],[103.765771,17.954515],[103.757479,17.920625],[103.783426,17.927933],[103.775608,17.906642],[103.786744,17.892285],[103.764953,17.882279],[103.796091,17.842191],[103.810478,17.859702],[103.793386,17.872595],[103.836064,17.870213],[103.855669,17.883022],[103.87266,17.873867],[103.904057,17.880757],[103.900194,17.84933],[103.922803,17.854751],[103.917645,17.821109],[103.934722,17.806672],[103.942196,17.785138],[103.979561,17.77086],[103.987317,17.789174],[104.000101,17.788136],[104.003732,17.809883],[104.023978,17.758286],[104.029034,17.768146],[104.050634,17.76419],[104.064791,17.747067],[104.065691,17.722457],[104.078331,17.696623],[104.066359,17.690695],[104.083972,17.679591],[104.071547,17.667359],[104.07055,17.648968],[104.04929,17.638062],[104.042723,17.645931],[104.033136,17.61683],[104.054301,17.593818],[104.051875,17.5752],[104.03517,17.563518],[104.039324,17.523826],[104.019705,17.487274],[104.009465,17.485958],[104.017776,17.456793],[104.037677,17.420255],[104.072962,17.376578],[104.081987,17.391642],[104.096034,17.375859],[104.095859,17.403586],[104.126396,17.398354],[104.131159,17.379807],[104.152032,17.393142],[104.156925,17.416897],[104.197603,17.42836],[104.207839,17.415445],[104.260464,17.417151],[104.28796,17.432101],[104.317854,17.43194],[104.33949,17.422356],[104.39248,17.41438],[104.397358,17.428183],[104.413796,17.426961],[104.415324,17.395703],[104.407583,17.381542],[104.422768,17.328845],[104.403124,17.308355],[104.405312,17.283179],[104.424491,17.247591],[104.435069,17.241],[104.404439,17.190099],[104.391385,17.177855],[104.388687,17.148183],[104.403269,17.136014],[104.391896,17.112143],[104.358979,17.09532],[104.362206,17.072965],[104.353189,17.059469],[104.385257,17.044676],[104.398881,17.028173],[104.356512,17.005721],[104.350001,16.98426],[104.318615,16.977051],[104.301344,16.927084],[104.266777,16.920423],[104.241826,16.8938],[104.220494,16.892765],[104.208303,16.87298],[104.181636,16.886293],[104.132745,16.886111],[104.119356,16.880306],[104.12381,16.861149],[104.104271,16.850741],[104.104648,16.836463],[104.070107,16.8213],[104.068931,16.837856],[104.035734,16.846112],[104.022814,16.855939],[104.011375,16.843837],[103.981387,16.834713],[103.968038,16.811424],[103.956584,16.819359],[103.950993,16.776563],[103.874045,16.819522],[103.873389,16.829814],[103.842662,16.840182],[103.834745,16.865695],[103.806042,16.884601],[103.788899,16.888803],[103.775948,16.943648],[103.782809,16.959029],[103.750513,16.973142],[103.739999,16.971271],[103.735932,16.990097],[103.718557,16.984479],[103.730254,17.003574],[103.695011,17.033677],[103.66212,17.019615],[103.66634,17.054491],[103.654079,17.071423],[103.668069,17.105884],[103.638446,17.11145],[103.620224,17.150723],[103.599378,17.170053],[103.572645,17.157303],[103.532273,17.185794],[103.475071,17.217499],[103.47026,17.229916],[103.451502,17.212587],[103.421531,17.219438],[103.417102,17.212494],[103.377994,17.235662],[103.361153,17.236024],[103.354911,17.25289],[103.307861,17.270583],[103.281123,17.266799],[103.250814,17.313022],[103.27259,17.337521],[103.275075,17.353703],[103.301401,17.39523],[103.282833,17.418388],[103.27465,17.443573],[103.290129,17.468274],[103.286997,17.498314],[103.316923,17.523806],[103.323479,17.554562],[103.335173,17.557445],[103.337799,17.578309],[103.360395,17.59165],[103.411028,17.596395],[103.397363,17.617232],[103.39921,17.651992],[103.407192,17.669346],[103.400892,17.684935],[103.410703,17.728389],[103.401633,17.757017],[103.385791,17.75232],[103.367761,17.779944],[103.368048,17.794246],[103.389988,17.829741],[103.419427,17.843332],[103.393713,17.85569],[103.406678,17.858509],[103.405442,17.876883],[103.417653,17.882039],[103.412905,17.901024],[103.400163,17.90427],[103.398221,17.928515],[103.412458,17.931371],[103.409953,17.946513],[103.388636,17.958518],[103.392249,17.986319],[103.438603,17.984265],[103.449233,17.994393],[103.463167,17.988689],[103.471202,18.004485],[103.492554,17.987702],[103.503853,17.996697],[103.49479,18.017904],[103.49643,18.064942],[103.516113,18.074326],[103.540403,18.067848],[103.540403,18.067848]]]]}},{"type":"Feature","properties":{"ADM1_EN":"Nakhon Phanom","ADM1_TH":"นครพนม","ADM1_PCODE":"TH48","ADM0_EN":"Thailand","ADM0_TH":"ประเทศไทย"},"geometry":{"type":"MultiPolygon","coordinates":[[[[104.191965,18.021463],[104.212955,18.000273],[104.226587,17.976869],[104.270606,17.871551],[104.279742,17.858553],[104.306305,17.843412],[104.336251,17.836695],[104.361067,17.814866],[104.402471,17.742807],[104.43281,17.705751],[104.466514,17.656665],[104.488766,17.642105],[104.608525,17.577246],[104.616601,17.578628],[104.705544,17.526443],[104.729864,17.499216],[104.72793,17.491506],[104.752292,17.451605],[104.777128,17.426674],[104.800613,17.393157],[104.806773,17.309937],[104.802525,17.270556],[104.807278,17.224116],[104.802264,17.17194],[104.788415,17.127543],[104.756772,17.057672],[104.734895,17.028213],[104.729345,17.001043],[104.73915,16.905553],[104.759684,16.864488],[104.762418,16.840916],[104.741878,16.821468],[104.737262,16.804714],[104.721284,16.809459],[104.716656,16.829205],[104.692652,16.823906],[104.693187,16.792213],[104.662556,16.789465],[104.635813,16.82608],[104.628329,16.863109],[104.59243,16.867043],[104.566778,16.863292],[104.551357,16.869074],[104.524347,16.859346],[104.48356,16.853545],[104.467902,16.865938],[104.478795,16.842207],[104.459592,16.860683],[104.453171,16.831217],[104.442108,16.86938],[104.427892,16.886699],[104.407351,16.896195],[104.398554,16.871787],[104.409576,16.845025],[104.398108,16.837872],[104.381702,16.864396],[104.362273,16.866164],[104.35698,16.880076],[104.319427,16.87466],[104.29602,16.837768],[104.287577,16.856735],[104.248401,16.871935],[104.252177,16.906935],[104.286203,16.928996],[104.301344,16.927084],[104.322739,16.977853],[104.350001,16.98426],[104.3565,17.005893],[104.397388,17.023827],[104.394623,17.037482],[104.353189,17.059469],[104.362206,17.072965],[104.358979,17.09532],[104.391896,17.112143],[104.403269,17.136014],[104.388687,17.148183],[104.391385,17.177855],[104.404439,17.190099],[104.435069,17.241],[104.424491,17.247591],[104.405312,17.283179],[104.403124,17.308355],[104.422768,17.328845],[104.407583,17.381542],[104.415324,17.395703],[104.413796,17.426961],[104.397358,17.428183],[104.39248,17.41438],[104.33949,17.422356],[104.317854,17.43194],[104.28796,17.432101],[104.260464,17.417151],[104.207839,17.415445],[104.197603,17.42836],[104.17226,17.429377],[104.156925,17.416897],[104.131159,17.379807],[104.126396,17.398354],[104.104461,17.402531],[104.096034,17.375859],[104.081987,17.391642],[104.072962,17.376578],[104.037677,17.420255],[104.017776,17.456793],[104.009465,17.485958],[104.019705,17.487274],[104.039324,17.523826],[104.03517,17.563518],[104.051875,17.5752],[104.054301,17.593818],[104.033136,17.61683],[104.042723,17.645931],[104.06736,17.644204],[104.071547,17.667359],[104.083972,17.679591],[104.066359,17.690695],[104.078331,17.696623],[104.065691,17.722457],[104.064791,17.747067],[104.050634,17.76419],[104.029034,17.768146],[104.023978,17.758286],[104.010956,17.795398],[104.013116,17.83028],[103.981698,17.85882],[103.998052,17.893291],[104.009575,17.892017],[104.031149,17.910099],[104.057225,17.905694],[104.069459,17.87816],[104.097718,17.906319],[104.123494,17.921603],[104.134138,17.955929],[104.118564,17.964962],[104.111823,18.004808],[104.172758,18.002745],[104.174124,18.015726],[104.191965,18.021463],[104.191965,18.021463]]]]}},{"type":"Feature","properties":{"ADM1_EN":"Mukdahan","ADM1_TH":"มุกดาหาร","ADM1_PCODE":"TH49","ADM0_EN":"Thailand","ADM0_TH":"ประเทศไทย"},"geometry":{"type":"MultiPolygon","coordinates":[[[[104.252677,16.893015],[104.248401,16.871935],[104.287577,16.856735],[104.29602,16.837768],[104.319427,16.87466],[104.35698,16.880076],[104.362273,16.866164],[104.381702,16.864396],[104.398108,16.837872],[104.409576,16.845025],[104.398554,16.871787],[104.407351,16.896195],[104.427892,16.886699],[104.444917,16.857727],[104.453171,16.831217],[104.459592,16.860683],[104.478795,16.842207],[104.467902,16.865938],[104.48356,16.853545],[104.524347,16.859346],[104.551357,16.869074],[104.566778,16.863292],[104.59243,16.867043],[104.628329,16.863109],[104.637231,16.821063],[104.662556,16.789465],[104.693187,16.792213],[104.692652,16.823906],[104.716656,16.829205],[104.721284,16.809459],[104.737262,16.804714],[104.746488,16.7642],[104.7592,16.738006],[104.762954,16.691167],[104.745526,16.640955],[104.733811,16.560016],[104.743092,16.52764],[104.777022,16.493174],[104.844364,16.455802],[104.858976,16.431658],[104.861919,16.402053],[104.884176,16.371487],[104.891805,16.34653],[104.929968,16.332005],[104.961881,16.289246],[104.959784,16.271722],[104.93065,16.2533],[104.885588,16.235163],[104.88218,16.213465],[104.85483,16.201648],[104.825754,16.204778],[104.81731,16.187845],[104.78597,16.199728],[104.766074,16.196444],[104.716467,16.203932],[104.69217,16.215801],[104.690701,16.226643],[104.658004,16.225829],[104.629261,16.211236],[104.58621,16.237291],[104.572822,16.258904],[104.556748,16.260522],[104.562684,16.283285],[104.550049,16.312508],[104.510816,16.316976],[104.503873,16.337474],[104.473414,16.345556],[104.458208,16.341945],[104.389264,16.348844],[104.366608,16.340754],[104.348005,16.323211],[104.325387,16.33417],[104.32606,16.356213],[104.315105,16.393419],[104.319111,16.423562],[104.311213,16.452397],[104.291189,16.472812],[104.284213,16.449883],[104.266063,16.436765],[104.237858,16.428572],[104.238525,16.454517],[104.224681,16.467919],[104.238686,16.491587],[104.238118,16.522386],[104.222327,16.529461],[104.225851,16.549678],[104.205461,16.565155],[104.203891,16.585631],[104.177756,16.596898],[104.173121,16.609311],[104.182172,16.637685],[104.199091,16.660023],[104.166671,16.674192],[104.168813,16.697989],[104.153963,16.698579],[104.15106,16.715276],[104.136142,16.729472],[104.131015,16.748532],[104.14283,16.759263],[104.134305,16.77196],[104.114612,16.766337],[104.094676,16.789669],[104.091921,16.810341],[104.070107,16.8213],[104.104648,16.836463],[104.104271,16.850741],[104.12381,16.861149],[104.119356,16.880306],[104.132745,16.886111],[104.176632,16.888261],[104.208303,16.87298],[104.220494,16.892765],[104.252677,16.893015],[104.252677,16.893015]]]]}},{"type":"Feature","properties":{"ADM1_EN":"Chiang Mai","ADM1_TH":"เชียงใหม่","ADM1_PCODE":"TH50","ADM0_EN":"Thailand","ADM0_TH":"ประเทศไทย"},"geometry":{"type":"MultiPolygon","coordinates":[[[[99.525123,20.137598],[99.55571,20.13035],[99.57287,20.11949],[99.557721,20.098074],[99.551976,20.104118],[99.491161,20.078987],[99.504591,20.057084],[99.465671,20.025902],[99.476769,20.011194],[99.465444,20.005259],[99.441379,19.963171],[99.418583,19.952976],[99.420589,19.917945],[99.402128,19.9141],[99.381266,19.888308],[99.387586,19.865299],[99.409657,19.845102],[99.419639,19.813761],[99.378662,19.808296],[99.377009,19.779164],[99.367487,19.774717],[99.3598,19.726301],[99.345742,19.711835],[99.313417,19.70763],[99.296785,19.682123],[99.264719,19.663715],[99.258559,19.629133],[99.267263,19.610541],[99.283861,19.603786],[99.289282,19.580593],[99.320117,19.542241],[99.305922,19.526628],[99.294625,19.498553],[99.307929,19.488126],[99.305397,19.47462],[99.317033,19.455192],[99.311331,19.432389],[99.330831,19.381774],[99.334948,19.336415],[99.327251,19.319236],[99.339039,19.298731],[99.342953,19.268061],[99.311552,19.225438],[99.306265,19.175885],[99.319455,19.164716],[99.321076,19.123614],[99.343568,19.093807],[99.381592,19.0652],[99.381474,19.041534],[99.401803,19.000148],[99.377478,18.982453],[99.375017,18.959843],[99.384225,18.95187],[99.377641,18.921716],[99.391414,18.884336],[99.374032,18.858046],[99.352401,18.847193],[99.359186,18.801011],[99.371076,18.779666],[99.371475,18.75342],[99.349319,18.736655],[99.336818,18.693651],[99.327189,18.684459],[99.349056,18.655023],[99.332808,18.650385],[99.326884,18.619688],[99.348846,18.617539],[99.358801,18.606881],[99.348616,18.593255],[99.353454,18.579382],[99.333403,18.576427],[99.328439,18.545565],[99.317337,18.532172],[99.296683,18.536809],[99.263913,18.571286],[99.217507,18.592009],[99.234705,18.615885],[99.230977,18.65395],[99.205872,18.660686],[99.188749,18.67891],[99.18998,18.705003],[99.153405,18.70831],[99.136675,18.701316],[99.11353,18.679094],[99.076203,18.681805],[99.065194,18.659683],[99.05407,18.666068],[99.009929,18.673285],[99.004421,18.64303],[98.99138,18.63992],[98.965446,18.615335],[98.969435,18.6026],[98.953594,18.586259],[98.934112,18.542035],[98.916402,18.536866],[98.842703,18.489764],[98.804974,18.46291],[98.774557,18.44738],[98.766032,18.43549],[98.74234,18.431537],[98.723055,18.444058],[98.707398,18.440747],[98.693973,18.419008],[98.709529,18.41383],[98.691034,18.392264],[98.68144,18.368077],[98.702972,18.331205],[98.670822,18.325191],[98.675131,18.312594],[98.720599,18.285506],[98.736615,18.266588],[98.770785,18.255795],[98.77509,18.224367],[98.785648,18.214884],[98.780241,18.196092],[98.786383,18.172514],[98.802862,18.151362],[98.809069,18.114969],[98.797571,18.084991],[98.812975,18.080078],[98.79681,18.056981],[98.794232,18.030126],[98.776909,18.000567],[98.806002,18.008596],[98.833567,17.986091],[98.842621,17.941683],[98.856424,17.897177],[98.867031,17.87787],[98.870362,17.849162],[98.852042,17.844256],[98.857115,17.814583],[98.821015,17.797529],[98.79983,17.795881],[98.793025,17.824616],[98.777459,17.831008],[98.762756,17.801767],[98.741748,17.805202],[98.727005,17.793559],[98.712156,17.798755],[98.685375,17.790962],[98.669114,17.834541],[98.638983,17.814767],[98.630459,17.780979],[98.614641,17.779805],[98.597523,17.802976],[98.571055,17.808557],[98.561678,17.795433],[98.522432,17.824256],[98.492735,17.803181],[98.50987,17.788031],[98.503475,17.760564],[98.52548,17.706338],[98.521872,17.683566],[98.534726,17.615904],[98.567292,17.59553],[98.578004,17.573944],[98.549609,17.559281],[98.527327,17.536371],[98.52003,17.514066],[98.518571,17.477616],[98.528317,17.453642],[98.546413,17.445847],[98.55765,17.426606],[98.556142,17.39713],[98.537494,17.361877],[98.562165,17.350466],[98.555262,17.335667],[98.55683,17.294153],[98.574292,17.299734],[98.574907,17.284849],[98.546361,17.2832],[98.532025,17.274507],[98.518671,17.281443],[98.497155,17.273464],[98.478416,17.277539],[98.441711,17.270999],[98.420735,17.252865],[98.398289,17.252148],[98.392064,17.242315],[98.35786,17.273838],[98.362476,17.288528],[98.33979,17.295815],[98.317682,17.322665],[98.332194,17.329674],[98.33412,17.347605],[98.317388,17.367388],[98.319319,17.379666],[98.291765,17.407327],[98.322495,17.417047],[98.319465,17.444964],[98.329685,17.469572],[98.315214,17.505104],[98.314122,17.527649],[98.29876,17.552957],[98.297909,17.575534],[98.270352,17.580087],[98.239081,17.550395],[98.212242,17.541251],[98.178164,17.537439],[98.167624,17.547666],[98.13598,17.541729],[98.127661,17.567668],[98.111469,17.578618],[98.090009,17.636723],[98.126295,17.660271],[98.150725,17.699794],[98.148891,17.746089],[98.139808,17.748998],[98.147213,17.776607],[98.13266,17.796532],[98.109533,17.793562],[98.086223,17.810568],[98.071771,17.833802],[98.069959,17.852776],[98.054462,17.867864],[98.029487,17.879117],[98.010361,17.895831],[98.010943,17.926915],[98.089993,17.963342],[98.140724,17.940813],[98.170631,17.974778],[98.246685,17.992694],[98.2403,18.0117],[98.265218,18.050055],[98.272604,18.04845],[98.289453,18.07821],[98.272308,18.087133],[98.251703,18.077892],[98.226548,18.091954],[98.206726,18.088242],[98.186744,18.113734],[98.165726,18.119051],[98.156043,18.161314],[98.176058,18.192077],[98.169851,18.22041],[98.146426,18.227751],[98.138976,18.240709],[98.138387,18.281156],[98.192364,18.285046],[98.206984,18.302796],[98.200039,18.329238],[98.145469,18.362897],[98.126205,18.405931],[98.074053,18.429951],[98.082698,18.445916],[98.105128,18.457843],[98.122449,18.502566],[98.154282,18.512355],[98.170268,18.525119],[98.17456,18.54664],[98.206532,18.537508],[98.231427,18.556676],[98.237202,18.571549],[98.212926,18.59092],[98.210658,18.607181],[98.182134,18.610053],[98.182911,18.625045],[98.159926,18.626806],[98.143712,18.639433],[98.117534,18.63474],[98.105434,18.648619],[98.11265,18.669317],[98.100246,18.703914],[98.10768,18.713116],[98.093704,18.738305],[98.120672,18.759054],[98.121019,18.777271],[98.093177,18.776558],[98.079597,18.817493],[98.088498,18.859679],[98.10232,18.884601],[98.130393,18.911999],[98.158637,18.924292],[98.156955,18.937333],[98.171825,18.948186],[98.163675,18.981346],[98.169196,18.998801],[98.186024,19.015122],[98.184409,19.031751],[98.205798,19.049894],[98.225805,19.087933],[98.252142,19.113683],[98.240707,19.126998],[98.243119,19.153501],[98.251995,19.160866],[98.284923,19.152761],[98.325295,19.155799],[98.341426,19.151624],[98.353389,19.090391],[98.371806,19.084588],[98.372519,19.067172],[98.392984,19.055282],[98.400776,19.036428],[98.420984,19.027148],[98.439211,19.048443],[98.474974,19.042863],[98.541916,19.026204],[98.569158,19.046205],[98.593371,19.043122],[98.617179,19.065793],[98.640472,19.067807],[98.651791,19.095697],[98.644101,19.105231],[98.638298,19.154652],[98.622235,19.168548],[98.585591,19.186097],[98.569476,19.205718],[98.571569,19.216434],[98.59849,19.228507],[98.587774,19.253296],[98.604945,19.27977],[98.59433,19.289191],[98.601314,19.316598],[98.590485,19.327459],[98.590473,19.353914],[98.575212,19.379354],[98.577044,19.398462],[98.59572,19.408193],[98.585849,19.415051],[98.584375,19.439801],[98.600021,19.471051],[98.584392,19.505678],[98.568737,19.507638],[98.561968,19.52954],[98.565851,19.546624],[98.544792,19.55607],[98.53784,19.584504],[98.540185,19.611056],[98.502633,19.632333],[98.472081,19.656276],[98.46652,19.692232],[98.485598,19.704464],[98.519811,19.714878],[98.538514,19.689149],[98.56603,19.672108],[98.571575,19.703937],[98.589962,19.715684],[98.607361,19.709267],[98.626812,19.715561],[98.625495,19.728087],[98.663495,19.747004],[98.704244,19.758177],[98.712056,19.768524],[98.738321,19.754338],[98.749652,19.759793],[98.779372,19.753059],[98.796272,19.776075],[98.82953,19.795768],[98.833219,19.811585],[98.871323,19.791758],[98.898665,19.765764],[98.920489,19.76256],[98.929032,19.773615],[98.951997,19.768859],[99.00326,19.788106],[99.007786,19.809907],[99.023273,19.818119],[99.035992,19.865052],[99.021889,19.92728],[99.042747,19.931393],[99.045078,19.948019],[99.032226,19.973125],[99.046146,20.009477],[99.043966,20.038742],[99.066736,20.068371],[99.077735,20.101983],[99.099791,20.097871],[99.127231,20.105792],[99.126103,20.119445],[99.158719,20.133011],[99.192256,20.128267],[99.210475,20.132502],[99.242546,20.11447],[99.301337,20.115446],[99.335875,20.109782],[99.351701,20.096355],[99.400154,20.08621],[99.429334,20.090107],[99.499064,20.117673],[99.494886,20.13356],[99.509803,20.147097],[99.525123,20.137598],[99.525123,20.137598]]]]}},{"type":"Feature","properties":{"ADM1_EN":"Lamphun","ADM1_TH":"ลำพูน","ADM1_PCODE":"TH51","ADM0_EN":"Thailand","ADM0_TH":"ประเทศไทย"},"geometry":{"type":"MultiPolygon","coordinates":[[[[99.188208,18.706315],[99.188749,18.67891],[99.205872,18.660686],[99.230977,18.65395],[99.234705,18.615885],[99.217507,18.592009],[99.263913,18.571286],[99.296683,18.536809],[99.317337,18.532172],[99.321524,18.500293],[99.2978,18.488843],[99.280494,18.499915],[99.256032,18.492156],[99.239501,18.472716],[99.237584,18.447905],[99.220922,18.429852],[99.198785,18.420633],[99.189678,18.388623],[99.168018,18.374936],[99.168979,18.349674],[99.153369,18.330073],[99.152426,18.315724],[99.12384,18.312134],[99.112777,18.295208],[99.115642,18.270675],[99.107015,18.265212],[99.089882,18.280042],[99.029212,18.265048],[99.017892,18.252649],[99.029136,18.216055],[99.056882,18.17266],[99.05143,18.163385],[99.065308,18.138069],[99.070668,18.061102],[99.092277,18.024324],[99.100851,17.998748],[99.09495,17.954847],[99.113677,17.948335],[99.108161,17.913342],[99.145922,17.911182],[99.144149,17.901608],[99.183316,17.860529],[99.180194,17.846016],[99.159104,17.843231],[99.174678,17.810431],[99.159804,17.807951],[99.135564,17.821042],[99.103177,17.812607],[99.124663,17.777801],[99.11178,17.767864],[99.10448,17.741075],[99.085767,17.738899],[99.0874,17.703241],[99.065551,17.692781],[99.060012,17.66139],[99.063368,17.64361],[99.048631,17.611748],[99.018505,17.614945],[98.998476,17.637163],[98.944286,17.646794],[98.902719,17.639937],[98.880867,17.627185],[98.8878,17.589426],[98.910731,17.582245],[98.904582,17.560921],[98.91015,17.53671],[98.881964,17.509417],[98.879634,17.490953],[98.853397,17.513751],[98.830913,17.515048],[98.811812,17.498099],[98.785495,17.496039],[98.749943,17.468088],[98.723984,17.463653],[98.701638,17.44499],[98.690956,17.425889],[98.680929,17.447158],[98.688059,17.473908],[98.705234,17.485987],[98.696887,17.515271],[98.702431,17.554525],[98.694278,17.584551],[98.682587,17.596825],[98.69163,17.631469],[98.683942,17.663647],[98.725323,17.676486],[98.745435,17.697935],[98.703343,17.743769],[98.705461,17.760943],[98.68535,17.790959],[98.712156,17.798755],[98.727005,17.793559],[98.741748,17.805202],[98.762756,17.801767],[98.777459,17.831008],[98.793025,17.824616],[98.79983,17.795881],[98.821015,17.797529],[98.857115,17.814583],[98.852042,17.844256],[98.870362,17.849162],[98.867031,17.87787],[98.856424,17.897177],[98.842621,17.941683],[98.833567,17.986091],[98.806002,18.008596],[98.776909,18.000567],[98.812975,18.080078],[98.797571,18.084991],[98.809069,18.114969],[98.802862,18.151362],[98.786383,18.172514],[98.780241,18.196092],[98.785648,18.214884],[98.77509,18.224367],[98.770785,18.255795],[98.736615,18.266588],[98.720599,18.285506],[98.675131,18.312594],[98.670822,18.325191],[98.702972,18.331205],[98.68144,18.368077],[98.691034,18.392264],[98.709529,18.41383],[98.693973,18.419008],[98.707398,18.440747],[98.723055,18.444058],[98.74234,18.431537],[98.766032,18.43549],[98.774557,18.44738],[98.799562,18.453667],[98.842703,18.489764],[98.84605,18.499403],[98.876797,18.510812],[98.916402,18.536866],[98.934112,18.542035],[98.953594,18.586259],[98.969435,18.6026],[98.965446,18.615335],[98.982846,18.634145],[99.004421,18.64303],[99.009929,18.673285],[99.05407,18.666068],[99.065194,18.659683],[99.076203,18.681805],[99.11353,18.679094],[99.136675,18.701316],[99.153405,18.70831],[99.188208,18.706315],[99.188208,18.706315]]]]}},{"type":"Feature","properties":{"ADM1_EN":"Lampang","ADM1_TH":"ลำปาง","ADM1_PCODE":"TH52","ADM0_EN":"Thailand","ADM0_TH":"ประเทศไทย"},"geometry":{"type":"MultiPolygon","coordinates":[[[[99.584452,19.405962],[99.595564,19.405942],[99.632295,19.385474],[99.682091,19.391095],[99.695454,19.381647],[99.691471,19.36105],[99.707557,19.344333],[99.698035,19.306087],[99.705064,19.277819],[99.703145,19.245198],[99.709022,19.238764],[99.726139,19.169888],[99.757449,19.122411],[99.783284,19.055372],[99.820068,19.060454],[99.833473,19.039667],[99.829172,19.012523],[99.844861,19.004103],[99.926206,18.978787],[99.946745,18.942462],[99.996278,18.905094],[100.016494,18.895973],[100.033362,18.902418],[100.070172,18.865498],[100.060899,18.829587],[100.065947,18.817549],[100.087873,18.827266],[100.121055,18.798201],[100.125994,18.787407],[100.115813,18.765504],[100.100259,18.752148],[100.105312,18.663703],[100.099544,18.628924],[100.120857,18.602321],[100.109009,18.588909],[100.105256,18.559282],[100.089132,18.572749],[100.055903,18.557379],[100.049286,18.529671],[100.056508,18.527098],[100.049678,18.497657],[100.038698,18.485254],[100.014186,18.437667],[100.00689,18.411692],[99.987319,18.391752],[99.960413,18.383793],[99.941914,18.3543],[99.935769,18.327072],[99.906875,18.280519],[99.857598,18.283909],[99.849619,18.254868],[99.834096,18.236249],[99.821663,18.23751],[99.8016,18.214956],[99.799358,18.199364],[99.753867,18.139955],[99.762016,18.123423],[99.739464,18.108828],[99.719828,18.070085],[99.689394,18.063005],[99.680219,18.045796],[99.65946,18.041057],[99.650091,18.05674],[99.627599,18.06076],[99.618795,18.048589],[99.585004,18.035207],[99.594975,18.009739],[99.565019,17.991587],[99.558026,17.9741],[99.501487,17.937219],[99.485228,17.919526],[99.474238,17.893592],[99.428579,17.857378],[99.412543,17.826849],[99.392646,17.8147],[99.38539,17.790252],[99.367573,17.773488],[99.380205,17.757184],[99.379602,17.711229],[99.387206,17.687557],[99.422821,17.71033],[99.455893,17.715494],[99.46417,17.736918],[99.479229,17.729305],[99.470349,17.689383],[99.476206,17.676331],[99.44754,17.644631],[99.454332,17.598106],[99.425934,17.609134],[99.413043,17.574074],[99.43595,17.562761],[99.430771,17.548427],[99.439362,17.527423],[99.423277,17.51996],[99.416046,17.47897],[99.407083,17.467714],[99.421051,17.442272],[99.440704,17.433752],[99.427163,17.409304],[99.430834,17.390629],[99.456292,17.369351],[99.468487,17.369015],[99.477232,17.326101],[99.451802,17.29703],[99.453599,17.251838],[99.441092,17.252311],[99.439918,17.229067],[99.400498,17.220018],[99.395255,17.206991],[99.373822,17.210793],[99.358454,17.249155],[99.337257,17.267828],[99.303972,17.273025],[99.297212,17.303456],[99.286729,17.311273],[99.27102,17.349325],[99.275381,17.381189],[99.270445,17.400009],[99.24999,17.406688],[99.225094,17.404657],[99.207928,17.382843],[99.207734,17.37059],[99.159955,17.333226],[99.141796,17.361009],[99.117165,17.367446],[99.108335,17.359367],[99.087122,17.377072],[99.046949,17.385634],[99.03227,17.410702],[99.013794,17.422491],[98.980247,17.467748],[98.958739,17.462927],[98.93126,17.474361],[98.924754,17.525671],[98.907623,17.540628],[98.910731,17.582245],[98.8878,17.589426],[98.880867,17.627185],[98.902719,17.639937],[98.944286,17.646794],[98.998476,17.637163],[99.018505,17.614945],[99.048631,17.611748],[99.063368,17.64361],[99.060012,17.66139],[99.065551,17.692781],[99.0874,17.703241],[99.085767,17.738899],[99.10448,17.741075],[99.11178,17.767864],[99.124663,17.777801],[99.103177,17.812607],[99.135564,17.821042],[99.159804,17.807951],[99.174678,17.810431],[99.159104,17.843231],[99.180194,17.846016],[99.183316,17.860529],[99.144149,17.901608],[99.145922,17.911182],[99.108161,17.913342],[99.113677,17.948335],[99.09495,17.954847],[99.100851,17.998748],[99.083873,18.043065],[99.070668,18.061102],[99.073214,18.083738],[99.065308,18.138069],[99.05143,18.163385],[99.056882,18.17266],[99.029136,18.216055],[99.017892,18.252649],[99.029212,18.265048],[99.089882,18.280042],[99.107015,18.265212],[99.116479,18.273472],[99.112777,18.295208],[99.12384,18.312134],[99.152426,18.315724],[99.153369,18.330073],[99.168979,18.349674],[99.168018,18.374936],[99.189678,18.388623],[99.198785,18.420633],[99.220922,18.429852],[99.237584,18.447905],[99.239501,18.472716],[99.256032,18.492156],[99.280494,18.499915],[99.2978,18.488843],[99.321524,18.500293],[99.316896,18.526174],[99.328439,18.545565],[99.333403,18.576427],[99.353454,18.579382],[99.348616,18.593255],[99.358801,18.606881],[99.348846,18.617539],[99.326884,18.619688],[99.332808,18.650385],[99.349056,18.655023],[99.327189,18.684459],[99.342106,18.705965],[99.349319,18.736655],[99.371475,18.75342],[99.371076,18.779666],[99.359186,18.801011],[99.352401,18.847193],[99.374032,18.858046],[99.391414,18.884336],[99.377641,18.921716],[99.384225,18.95187],[99.375017,18.959843],[99.383288,18.991053],[99.437124,19.011859],[99.474809,19.048858],[99.483169,19.071443],[99.504436,19.078331],[99.528667,19.07638],[99.538029,19.085849],[99.537056,19.107509],[99.559451,19.131026],[99.560063,19.143393],[99.536629,19.163917],[99.542256,19.168965],[99.548948,19.2247],[99.547247,19.240597],[99.580418,19.312033],[99.580919,19.338234],[99.572819,19.346477],[99.575728,19.389636],[99.565376,19.417658],[99.584452,19.405962],[99.584452,19.405962]]]]}},{"type":"Feature","properties":{"ADM1_EN":"Uttaradit","ADM1_TH":"อุตรดิตถ์","ADM1_PCODE":"TH53","ADM0_EN":"Thailand","ADM0_TH":"ประเทศไทย"},"geometry":{"type":"MultiPolygon","coordinates":[[[[101.092413,18.381671],[101.13122,18.366623],[101.150249,18.347327],[101.182193,18.340723],[101.149014,18.293354],[101.16289,18.278064],[101.144589,18.260042],[101.158823,18.246994],[101.165025,18.217994],[101.183377,18.223362],[101.192827,18.212727],[101.176761,18.176246],[101.161172,18.12349],[101.175438,18.072186],[101.184486,18.066173],[101.159275,18.029529],[101.15168,18.03717],[101.122462,18.000412],[101.114979,17.970882],[101.117936,17.951597],[101.104739,17.94703],[101.070414,17.913353],[101.047029,17.912581],[101.019318,17.891246],[101.017373,17.877949],[101.034142,17.861237],[101.027192,17.828401],[101.002005,17.824213],[100.992694,17.804259],[101.006392,17.783934],[100.982899,17.768039],[100.97817,17.752916],[100.98885,17.743676],[100.964607,17.701685],[100.923876,17.696512],[100.905369,17.714923],[100.87461,17.710783],[100.857854,17.689061],[100.842722,17.653415],[100.814471,17.644143],[100.77249,17.596045],[100.774773,17.585438],[100.746733,17.559067],[100.740419,17.542843],[100.688832,17.522086],[100.675609,17.5061],[100.642248,17.493274],[100.644139,17.473797],[100.61306,17.465517],[100.600072,17.436753],[100.584901,17.418943],[100.537688,17.418592],[100.512708,17.404654],[100.501508,17.428837],[100.486981,17.418916],[100.446539,17.423731],[100.389617,17.401354],[100.355814,17.38285],[100.34861,17.392601],[100.328489,17.385324],[100.325513,17.36937],[100.307617,17.383016],[100.288912,17.376114],[100.296709,17.347423],[100.283336,17.336388],[100.281036,17.30123],[100.27258,17.274226],[100.273717,17.2386],[100.282461,17.220609],[100.239263,17.221698],[100.229696,17.211676],[100.167579,17.201119],[100.159684,17.165799],[100.149771,17.185797],[100.118359,17.183423],[100.103156,17.189357],[100.077797,17.181988],[100.038323,17.181074],[100.014413,17.139288],[99.995365,17.140639],[100.009232,17.151287],[99.972875,17.165173],[99.983532,17.189189],[99.973321,17.199712],[99.980437,17.217764],[99.958057,17.231357],[99.972952,17.241803],[99.962954,17.250054],[99.96884,17.281384],[100.004438,17.296334],[99.995432,17.326724],[100.015788,17.329889],[100.000876,17.354198],[100.009539,17.381344],[99.990677,17.406499],[100.017135,17.418423],[100.030522,17.43604],[100.020006,17.458566],[100.002753,17.457991],[99.98043,17.473843],[99.980716,17.487365],[99.934493,17.513284],[99.929655,17.521796],[99.942587,17.545719],[99.926329,17.564465],[99.927057,17.588598],[99.940205,17.592151],[99.976907,17.62221],[99.966655,17.62863],[99.977228,17.656998],[99.962903,17.711821],[99.943539,17.723798],[99.911464,17.764035],[99.924799,17.775565],[99.9117,17.795194],[99.959622,17.778376],[99.961486,17.79277],[99.990716,17.811368],[99.986031,17.829086],[100.011367,17.832926],[100.045717,17.846288],[100.057567,17.833314],[100.095289,17.85102],[100.12969,17.856362],[100.158513,17.88395],[100.214943,17.920659],[100.225833,17.949077],[100.245975,17.961423],[100.261823,17.953458],[100.279781,17.957463],[100.287203,17.937167],[100.306824,17.933415],[100.313017,17.909219],[100.334843,17.889164],[100.358672,17.923196],[100.350378,17.983298],[100.394002,18.021012],[100.408062,18.024006],[100.425153,18.012994],[100.446409,18.025532],[100.453286,18.039351],[100.482292,18.055573],[100.558014,18.032705],[100.610158,18.050001],[100.655652,18.038865],[100.670938,18.041813],[100.688692,18.02676],[100.725082,18.032736],[100.767246,18.02549],[100.80069,18.054017],[100.819759,18.083121],[100.843253,18.079481],[100.855853,18.102367],[100.873784,18.117942],[100.872964,18.139122],[100.913523,18.160106],[100.907565,18.193998],[100.925304,18.212504],[100.912278,18.227457],[100.926223,18.250812],[100.939538,18.254453],[100.977277,18.295169],[100.979188,18.305392],[101.043009,18.339548],[101.055838,18.355868],[101.074098,18.35674],[101.092413,18.381671],[101.092413,18.381671]]]]}},{"type":"Feature","properties":{"ADM1_EN":"Phrae","ADM1_TH":"แพร่","ADM1_PCODE":"TH54","ADM0_EN":"Thailand","ADM0_TH":"ประเทศไทย"},"geometry":{"type":"MultiPolygon","coordinates":[[[[100.159714,18.827205],[100.1765,18.813473],[100.198398,18.814524],[100.225725,18.825282],[100.302011,18.8185],[100.311354,18.810485],[100.338402,18.813247],[100.337115,18.786925],[100.362338,18.778036],[100.358281,18.750559],[100.390667,18.741087],[100.388398,18.727465],[100.363316,18.707224],[100.35158,18.680554],[100.36106,18.644185],[100.392589,18.638394],[100.381106,18.622185],[100.37101,18.567449],[100.387559,18.558415],[100.395685,18.527563],[100.386859,18.513343],[100.399315,18.48575],[100.414666,18.480521],[100.436849,18.501898],[100.44406,18.489875],[100.476761,18.494743],[100.493929,18.474061],[100.516919,18.475515],[100.536651,18.491319],[100.550579,18.449299],[100.550578,18.417044],[100.536396,18.39082],[100.517766,18.392569],[100.497802,18.352982],[100.481456,18.349406],[100.492545,18.338786],[100.479834,18.318518],[100.483498,18.29004],[100.493673,18.277993],[100.478348,18.26758],[100.461838,18.223115],[100.454051,18.214649],[100.460004,18.194833],[100.440283,18.152926],[100.414428,18.153667],[100.392292,18.118477],[100.395837,18.085819],[100.409842,18.075123],[100.403375,18.065252],[100.415731,18.037238],[100.414297,18.021697],[100.394002,18.021012],[100.350378,17.983298],[100.358672,17.923196],[100.334843,17.889164],[100.313017,17.909219],[100.306824,17.933415],[100.287203,17.937167],[100.279781,17.957463],[100.261823,17.953458],[100.245975,17.961423],[100.225833,17.949077],[100.214943,17.920659],[100.158513,17.88395],[100.12969,17.856362],[100.095289,17.85102],[100.057567,17.833314],[100.045717,17.846288],[100.011367,17.832926],[99.986031,17.829086],[99.989699,17.809409],[99.945612,17.777287],[99.90616,17.8058],[99.840955,17.797864],[99.803543,17.800368],[99.775438,17.784952],[99.777066,17.777193],[99.75144,17.749704],[99.753034,17.74044],[99.726152,17.721524],[99.710359,17.737234],[99.70666,17.757587],[99.690692,17.759444],[99.670695,17.799252],[99.649467,17.796608],[99.629894,17.814266],[99.598465,17.82158],[99.566072,17.811302],[99.547615,17.811933],[99.519274,17.797552],[99.486711,17.762813],[99.481883,17.745257],[99.456467,17.728193],[99.442159,17.707507],[99.422821,17.71033],[99.387206,17.687557],[99.37673,17.733455],[99.380205,17.757184],[99.367573,17.773488],[99.38539,17.790252],[99.392646,17.8147],[99.412543,17.826849],[99.428579,17.857378],[99.474238,17.893592],[99.485228,17.919526],[99.501487,17.937219],[99.558026,17.9741],[99.565019,17.991587],[99.594975,18.009739],[99.585004,18.035207],[99.618795,18.048589],[99.627599,18.06076],[99.650091,18.05674],[99.65946,18.041057],[99.680219,18.045796],[99.689394,18.063005],[99.719828,18.070085],[99.739464,18.108828],[99.762016,18.123423],[99.753867,18.139955],[99.799358,18.199364],[99.8016,18.214956],[99.821663,18.23751],[99.834096,18.236249],[99.849619,18.254868],[99.857598,18.283909],[99.906875,18.280519],[99.935769,18.327072],[99.941914,18.3543],[99.960413,18.383793],[99.987319,18.391752],[100.00689,18.411692],[100.038698,18.485254],[100.049678,18.497657],[100.056508,18.527098],[100.049286,18.529671],[100.055903,18.557379],[100.089132,18.572749],[100.105256,18.559282],[100.109009,18.588909],[100.120857,18.602321],[100.099544,18.628924],[100.105312,18.663703],[100.100259,18.752148],[100.115813,18.765504],[100.125994,18.787407],[100.113591,18.807516],[100.159714,18.827205],[100.159714,18.827205]]]]}},{"type":"Feature","properties":{"ADM1_EN":"Nan","ADM1_TH":"น่าน","ADM1_PCODE":"TH55","ADM0_EN":"Thailand","ADM0_TH":"ประเทศไทย"},"geometry":{"type":"MultiPolygon","coordinates":[[[[100.894785,19.634316],[100.916663,19.621655],[100.929925,19.625926],[100.982864,19.627356],[101.014055,19.620108],[101.02341,19.630058],[101.062131,19.619551],[101.070065,19.602965],[101.092039,19.586829],[101.112828,19.585634],[101.122931,19.572827],[101.166434,19.581177],[101.196968,19.576958],[101.205854,19.605449],[101.244267,19.603437],[101.281145,19.581887],[101.287355,19.569756],[101.274485,19.55221],[101.285329,19.526968],[101.26756,19.503659],[101.265446,19.469437],[101.236497,19.477784],[101.210456,19.472394],[101.205527,19.458418],[101.215397,19.431689],[101.196588,19.398641],[101.187597,19.400396],[101.190892,19.377285],[101.205618,19.349736],[101.228484,19.347787],[101.2419,19.325663],[101.227592,19.309809],[101.238965,19.285814],[101.248789,19.245901],[101.259707,19.229735],[101.245656,19.179152],[101.25302,19.170782],[101.256748,19.12465],[101.294335,19.103623],[101.29763,19.093766],[101.358147,19.050901],[101.33616,19.00421],[101.310355,19.002409],[101.293294,18.981984],[101.294458,18.937987],[101.274256,18.930122],[101.27323,18.915706],[101.254084,18.906127],[101.247107,18.891373],[101.25468,18.847082],[101.245536,18.836807],[101.258425,18.808504],[101.240436,18.764798],[101.23541,18.740189],[101.224476,18.733625],[101.234507,18.712124],[101.27097,18.693428],[101.242872,18.641509],[101.226707,18.624569],[101.182061,18.611525],[101.183377,18.560946],[101.148308,18.551986],[101.138902,18.527843],[101.10846,18.525181],[101.091538,18.498862],[101.094061,18.482009],[101.067473,18.460146],[101.052396,18.426912],[101.084167,18.395621],[101.074098,18.35674],[101.055838,18.355868],[101.043009,18.339548],[100.979188,18.305392],[100.977277,18.295169],[100.939538,18.254453],[100.926223,18.250812],[100.912278,18.227457],[100.925304,18.212504],[100.907565,18.193998],[100.913523,18.160106],[100.872964,18.139122],[100.873784,18.117942],[100.855853,18.102367],[100.843253,18.079481],[100.819759,18.083121],[100.80069,18.054017],[100.767246,18.02549],[100.725082,18.032736],[100.688692,18.02676],[100.670938,18.041813],[100.655652,18.038865],[100.610158,18.050001],[100.558014,18.032705],[100.482292,18.055573],[100.453286,18.039351],[100.446409,18.025532],[100.425153,18.012994],[100.403375,18.065252],[100.409842,18.075123],[100.395837,18.085819],[100.392292,18.118477],[100.414428,18.153667],[100.440283,18.152926],[100.460004,18.194833],[100.454051,18.214649],[100.461838,18.223115],[100.478348,18.26758],[100.493673,18.277993],[100.483498,18.29004],[100.479834,18.318518],[100.492545,18.338786],[100.481456,18.349406],[100.497802,18.352982],[100.517766,18.392569],[100.536396,18.39082],[100.550578,18.417044],[100.550579,18.449299],[100.541865,18.489225],[100.516919,18.475515],[100.493929,18.474061],[100.476761,18.494743],[100.44406,18.489875],[100.436849,18.501898],[100.414666,18.480521],[100.399315,18.48575],[100.386859,18.513343],[100.395685,18.527563],[100.387559,18.558415],[100.37101,18.567449],[100.381106,18.622185],[100.392589,18.638394],[100.36106,18.644185],[100.35158,18.680554],[100.363316,18.707224],[100.388398,18.727465],[100.390667,18.741087],[100.358281,18.750559],[100.362338,18.778036],[100.337115,18.786925],[100.34506,18.813917],[100.336139,18.819407],[100.364014,18.848532],[100.367064,18.871876],[100.388281,18.89356],[100.391436,18.926819],[100.405193,18.944729],[100.424455,18.948295],[100.451406,18.935213],[100.480857,18.950602],[100.481203,18.965652],[100.498972,18.979238],[100.504506,18.99529],[100.455167,19.007038],[100.479658,19.026794],[100.493694,19.052361],[100.531388,19.041318],[100.557901,19.043802],[100.561821,19.034746],[100.605477,19.020335],[100.61914,19.033412],[100.565864,19.07274],[100.568728,19.099367],[100.580033,19.09736],[100.622183,19.110212],[100.628869,19.151178],[100.618017,19.182463],[100.616665,19.22726],[100.601242,19.249503],[100.609861,19.280048],[100.612706,19.31697],[100.608565,19.334048],[100.590879,19.326196],[100.570928,19.304606],[100.561323,19.311462],[100.558488,19.335073],[100.530013,19.353211],[100.533635,19.367928],[100.519411,19.380686],[100.496188,19.371253],[100.488095,19.399551],[100.539956,19.416101],[100.564755,19.436195],[100.565377,19.453923],[100.583938,19.475609],[100.602516,19.479214],[100.598574,19.508582],[100.612795,19.550739],[100.6514,19.557157],[100.696857,19.534977],[100.729324,19.526354],[100.759684,19.509248],[100.771688,19.487565],[100.790514,19.510203],[100.816461,19.525112],[100.849466,19.569687],[100.860063,19.573584],[100.894785,19.634316],[100.894785,19.634316]]]]}},{"type":"Feature","properties":{"ADM1_EN":"Phayao","ADM1_TH":"พะเยา","ADM1_PCODE":"TH56","ADM0_EN":"Thailand","ADM0_TH":"ประเทศไทย"},"geometry":{"type":"MultiPolygon","coordinates":[[[[100.419532,19.728536],[100.437738,19.71951],[100.444486,19.703134],[100.42773,19.673057],[100.443927,19.662351],[100.443319,19.63454],[100.460158,19.618959],[100.482935,19.610249],[100.49039,19.582752],[100.481664,19.560014],[100.487515,19.54294],[100.513299,19.523721],[100.534265,19.52459],[100.580725,19.499297],[100.598622,19.510074],[100.602516,19.479214],[100.583938,19.475609],[100.565377,19.453923],[100.564755,19.436195],[100.526194,19.408879],[100.488095,19.399551],[100.496188,19.371253],[100.519411,19.380686],[100.533635,19.367928],[100.530013,19.353211],[100.558488,19.335073],[100.561323,19.311462],[100.570928,19.304606],[100.590879,19.326196],[100.608565,19.334048],[100.612706,19.31697],[100.609861,19.280048],[100.601242,19.249503],[100.616665,19.22726],[100.618017,19.182463],[100.628869,19.151178],[100.622183,19.110212],[100.580033,19.09736],[100.568728,19.099367],[100.565864,19.07274],[100.61914,19.033412],[100.605477,19.020335],[100.561821,19.034746],[100.557901,19.043802],[100.531388,19.041318],[100.493694,19.052361],[100.479658,19.026794],[100.455167,19.007038],[100.504506,18.99529],[100.498972,18.979238],[100.481203,18.965652],[100.480857,18.950602],[100.451406,18.935213],[100.424455,18.948295],[100.405193,18.944729],[100.391436,18.926819],[100.388281,18.89356],[100.367064,18.871876],[100.364014,18.848532],[100.339188,18.825436],[100.338402,18.813247],[100.311354,18.810485],[100.302011,18.8185],[100.225725,18.825282],[100.198398,18.814524],[100.1765,18.813473],[100.153721,18.830063],[100.114025,18.808551],[100.087873,18.827266],[100.065947,18.817549],[100.060899,18.829587],[100.070172,18.865498],[100.033362,18.902418],[100.016494,18.895973],[99.996278,18.905094],[99.946745,18.942462],[99.926206,18.978787],[99.844861,19.004103],[99.829172,19.012523],[99.833473,19.039667],[99.820068,19.060454],[99.783284,19.055372],[99.757449,19.122411],[99.726139,19.169888],[99.709022,19.238764],[99.703145,19.245198],[99.705064,19.277819],[99.698035,19.306087],[99.707557,19.344333],[99.691471,19.36105],[99.695454,19.381647],[99.682946,19.422322],[99.732853,19.42469],[99.755336,19.441106],[99.786775,19.451029],[99.828856,19.445556],[99.864902,19.446456],[99.876947,19.454819],[99.899058,19.425695],[99.914442,19.432455],[99.92,19.406413],[99.947777,19.428546],[99.996222,19.430249],[100.039359,19.445037],[100.067767,19.431255],[100.069824,19.482821],[100.065188,19.504002],[100.067733,19.539069],[100.083651,19.552199],[100.101147,19.553388],[100.163248,19.54369],[100.165231,19.586003],[100.176043,19.61171],[100.229224,19.605837],[100.261651,19.648941],[100.283803,19.643539],[100.316892,19.649263],[100.341402,19.687469],[100.336964,19.708645],[100.360262,19.715795],[100.385205,19.710218],[100.406576,19.736062],[100.419532,19.728536],[100.419532,19.728536]]]]}},{"type":"Feature","properties":{"ADM1_EN":"Chiang Rai","ADM1_TH":"เชียงราย","ADM1_PCODE":"TH57","ADM0_EN":"Thailand","ADM0_TH":"ประเทศไทย"},"geometry":{"type":"MultiPolygon","coordinates":[[[[99.960933,20.464818],[99.981915,20.441569],[99.990093,20.418825],[100.00781,20.418852],[100.039778,20.392878],[100.059611,20.396269],[100.079352,20.364796],[100.099297,20.308338],[100.093222,20.266842],[100.115444,20.250113],[100.154012,20.244559],[100.174162,20.248182],[100.180211,20.263681],[100.166915,20.296434],[100.175305,20.305293],[100.211616,20.312567],[100.228339,20.331285],[100.226841,20.356037],[100.243877,20.365856],[100.248943,20.383854],[100.272039,20.400969],[100.330099,20.398716],[100.354703,20.379087],[100.358867,20.356886],[100.372451,20.353685],[100.383351,20.312604],[100.407928,20.278469],[100.419312,20.250638],[100.452537,20.232467],[100.456283,20.19898],[100.46572,20.198094],[100.497243,20.168935],[100.51326,20.146022],[100.529025,20.144486],[100.552525,20.175447],[100.578173,20.168028],[100.571064,20.135905],[100.570005,20.098542],[100.543599,20.012019],[100.517106,19.94285],[100.520396,19.903632],[100.500799,19.882468],[100.500082,19.868334],[100.462883,19.857167],[100.442631,19.835891],[100.447787,19.82957],[100.438475,19.791063],[100.418209,19.784025],[100.404286,19.753229],[100.406576,19.736062],[100.385205,19.710218],[100.360262,19.715795],[100.336964,19.708645],[100.341402,19.687469],[100.318227,19.650309],[100.283803,19.643539],[100.261651,19.648941],[100.229224,19.605837],[100.176043,19.61171],[100.165231,19.586003],[100.163248,19.54369],[100.109986,19.552863],[100.083651,19.552199],[100.067733,19.539069],[100.065188,19.504002],[100.07043,19.45676],[100.067767,19.431255],[100.039359,19.445037],[99.996222,19.430249],[99.947777,19.428546],[99.92,19.406413],[99.914442,19.432455],[99.899058,19.425695],[99.876947,19.454819],[99.864902,19.446456],[99.828856,19.445556],[99.786775,19.451029],[99.755336,19.441106],[99.732853,19.42469],[99.682946,19.422322],[99.688482,19.393395],[99.660258,19.385382],[99.61998,19.390286],[99.565376,19.417658],[99.575728,19.389636],[99.572819,19.346477],[99.580919,19.338234],[99.580418,19.312033],[99.552434,19.257188],[99.542256,19.168965],[99.536629,19.163917],[99.560063,19.143393],[99.559451,19.131026],[99.537056,19.107509],[99.538029,19.085849],[99.528667,19.07638],[99.504436,19.078331],[99.483169,19.071443],[99.474809,19.048858],[99.437124,19.011859],[99.399636,19.00211],[99.381474,19.041534],[99.381592,19.0652],[99.343568,19.093807],[99.321076,19.123614],[99.319455,19.164716],[99.306265,19.175885],[99.311552,19.225438],[99.342953,19.268061],[99.327251,19.319236],[99.334948,19.336415],[99.330831,19.381774],[99.311331,19.432389],[99.317033,19.455192],[99.305397,19.47462],[99.307929,19.488126],[99.294625,19.498553],[99.305922,19.526628],[99.320117,19.542241],[99.294692,19.56769],[99.292907,19.590306],[99.267263,19.610541],[99.258559,19.629133],[99.264719,19.663715],[99.296785,19.682123],[99.313417,19.70763],[99.345742,19.711835],[99.3598,19.726301],[99.367487,19.774717],[99.377009,19.779164],[99.378662,19.808296],[99.419639,19.813761],[99.409657,19.845102],[99.387586,19.865299],[99.381266,19.888308],[99.402128,19.9141],[99.420589,19.917945],[99.418583,19.952976],[99.442319,19.970231],[99.476769,20.011194],[99.465671,20.025902],[99.505188,20.053703],[99.491161,20.078987],[99.551976,20.104118],[99.557721,20.098074],[99.57287,20.11949],[99.55571,20.13035],[99.521507,20.137756],[99.511371,20.151824],[99.538722,20.148025],[99.540968,20.172176],[99.551148,20.176607],[99.563576,20.205632],[99.533063,20.232194],[99.522844,20.232907],[99.518007,20.265133],[99.50518,20.293763],[99.509675,20.312808],[99.496458,20.339965],[99.455673,20.363012],[99.457766,20.39268],[99.495045,20.385275],[99.515563,20.363177],[99.560975,20.352778],[99.612821,20.332038],[99.649106,20.340595],[99.676521,20.317423],[99.719939,20.330619],[99.730526,20.350186],[99.776719,20.335157],[99.810655,20.336361],[99.839222,20.373827],[99.841838,20.404845],[99.859362,20.421303],[99.864949,20.446048],[99.922622,20.446602],[99.960933,20.464818],[99.960933,20.464818]]]]}},{"type":"Feature","properties":{"ADM1_EN":"Mae Hong Son","ADM1_TH":"แม่ฮ่องสอน","ADM1_PCODE":"TH58","ADM0_EN":"Thailand","ADM0_TH":"ประเทศไทย"},"geometry":{"type":"MultiPolygon","coordinates":[[[[98.059105,19.803851],[98.082775,19.810406],[98.083737,19.791737],[98.10087,19.772087],[98.13544,19.788269],[98.178781,19.760241],[98.193452,19.737893],[98.229925,19.726041],[98.237937,19.709709],[98.231614,19.697537],[98.24827,19.676676],[98.26644,19.683386],[98.292306,19.681598],[98.323219,19.698737],[98.369806,19.689544],[98.391278,19.704145],[98.414414,19.692899],[98.46011,19.697642],[98.468074,19.69081],[98.472081,19.656276],[98.502633,19.632333],[98.540185,19.611056],[98.53784,19.584504],[98.544792,19.55607],[98.565851,19.546624],[98.561968,19.52954],[98.568737,19.507638],[98.584392,19.505678],[98.600021,19.471051],[98.584375,19.439801],[98.585849,19.415051],[98.59572,19.408193],[98.577044,19.398462],[98.575212,19.379354],[98.590473,19.353914],[98.590485,19.327459],[98.601314,19.316598],[98.59433,19.289191],[98.604945,19.27977],[98.587774,19.253296],[98.59849,19.228507],[98.571569,19.216434],[98.569476,19.205718],[98.585591,19.186097],[98.622235,19.168548],[98.638298,19.154652],[98.644101,19.105231],[98.651791,19.095697],[98.640472,19.067807],[98.617179,19.065793],[98.593371,19.043122],[98.580307,19.048479],[98.541916,19.026204],[98.439211,19.048443],[98.420984,19.027148],[98.400776,19.036428],[98.392984,19.055282],[98.372519,19.067172],[98.371806,19.084588],[98.353389,19.090391],[98.339243,19.143064],[98.325295,19.155799],[98.284923,19.152761],[98.251995,19.160866],[98.243119,19.153501],[98.240707,19.126998],[98.252142,19.113683],[98.225805,19.087933],[98.205798,19.049894],[98.184409,19.031751],[98.186024,19.015122],[98.169196,18.998801],[98.163675,18.981346],[98.171825,18.948186],[98.156955,18.937333],[98.158637,18.924292],[98.130393,18.911999],[98.10232,18.884601],[98.088498,18.859679],[98.079597,18.817493],[98.093177,18.776558],[98.121019,18.777271],[98.120672,18.759054],[98.093704,18.738305],[98.10768,18.713116],[98.100246,18.703914],[98.11265,18.669317],[98.105434,18.648619],[98.117534,18.63474],[98.143712,18.639433],[98.159926,18.626806],[98.182911,18.625045],[98.182134,18.610053],[98.210658,18.607181],[98.212926,18.59092],[98.237202,18.571549],[98.231427,18.556676],[98.206532,18.537508],[98.17456,18.54664],[98.170268,18.525119],[98.154282,18.512355],[98.122449,18.502566],[98.105128,18.457843],[98.082698,18.445916],[98.074053,18.429951],[98.126205,18.405931],[98.145469,18.362897],[98.195604,18.3302],[98.206984,18.302796],[98.192364,18.285046],[98.138387,18.281156],[98.138976,18.240709],[98.146426,18.227751],[98.169851,18.22041],[98.176058,18.192077],[98.156043,18.161314],[98.168034,18.1412],[98.165726,18.119051],[98.190585,18.113991],[98.201705,18.090728],[98.256831,18.087702],[98.289453,18.07821],[98.272604,18.04845],[98.265218,18.050055],[98.2403,18.0117],[98.246685,17.992694],[98.170631,17.974778],[98.150629,17.953341],[98.150203,17.940642],[98.12911,17.943908],[98.089993,17.963342],[98.010943,17.926915],[98.010361,17.895831],[98.029487,17.879117],[98.054462,17.867864],[98.069959,17.852776],[98.071771,17.833802],[98.086223,17.810568],[98.109533,17.793562],[98.13266,17.796532],[98.147213,17.776607],[98.139808,17.748998],[98.148891,17.746089],[98.150725,17.699794],[98.126295,17.660271],[98.087511,17.636971],[98.040157,17.676144],[98.043002,17.680304],[98.021903,17.738293],[97.975215,17.822874],[97.981914,17.839616],[97.970408,17.847948],[97.969429,17.867729],[97.942091,17.858123],[97.91834,17.858303],[97.899591,17.828259],[97.90204,17.809315],[97.845825,17.778901],[97.817417,17.78638],[97.79471,17.777122],[97.785148,17.785103],[97.752592,17.778095],[97.72307,17.799595],[97.718532,17.818953],[97.703032,17.815631],[97.671993,17.882895],[97.687112,17.925063],[97.703821,17.943357],[97.735659,17.958834],[97.73571,17.987819],[97.723693,18.020772],[97.69909,18.065964],[97.687702,18.060157],[97.679987,18.075125],[97.690335,18.08828],[97.677648,18.115001],[97.677352,18.15429],[97.651493,18.1779],[97.615176,18.222797],[97.611239,18.250646],[97.633989,18.272104],[97.639081,18.28702],[97.620336,18.316998],[97.575428,18.338352],[97.551364,18.334585],[97.535735,18.286146],[97.503032,18.266506],[97.460891,18.310495],[97.446728,18.331406],[97.441618,18.35887],[97.452141,18.388484],[97.4254,18.409304],[97.414314,18.441313],[97.403048,18.449393],[97.383557,18.510282],[97.353429,18.534379],[97.344303,18.552827],[97.343578,18.576703],[97.363518,18.593564],[97.362242,18.561806],[97.40396,18.5663],[97.426593,18.54599],[97.4298,18.523867],[97.444116,18.495264],[97.45464,18.493611],[97.490697,18.510032],[97.498383,18.495744],[97.536794,18.492741],[97.549256,18.530702],[97.562842,18.522121],[97.571908,18.53513],[97.60318,18.536122],[97.62266,18.543963],[97.614554,18.561384],[97.633907,18.558765],[97.650615,18.576939],[97.701291,18.569475],[97.722098,18.573571],[97.725777,18.584224],[97.753905,18.576223],[97.767227,18.581997],[97.773925,18.610314],[97.767099,18.633199],[97.76746,18.669271],[97.773855,18.689275],[97.757787,18.712561],[97.751697,18.736977],[97.761534,18.763003],[97.739755,18.830074],[97.748493,18.843538],[97.737151,18.886638],[97.719643,18.88644],[97.688934,18.915904],[97.68909,18.925585],[97.666092,18.937275],[97.685663,18.95272],[97.722033,18.967501],[97.738923,18.980453],[97.73563,19.040448],[97.763214,19.039739],[97.768677,19.072756],[97.791595,19.073694],[97.810581,19.090484],[97.836158,19.093514],[97.840567,19.117894],[97.834254,19.135881],[97.84453,19.14925],[97.838084,19.194273],[97.842086,19.223931],[97.825445,19.229375],[97.809729,19.252763],[97.783542,19.263996],[97.790157,19.282745],[97.810413,19.279724],[97.842875,19.289839],[97.828746,19.302566],[97.825583,19.323286],[97.798435,19.35279],[97.804461,19.385251],[97.787753,19.403208],[97.803607,19.404974],[97.827243,19.438922],[97.873002,19.495562],[97.868693,19.522248],[97.855819,19.530761],[97.863197,19.57704],[97.890311,19.576938],[97.94235,19.597827],[97.974126,19.601431],[97.972625,19.633123],[97.982039,19.638866],[98.026402,19.637454],[98.04433,19.653432],[98.028584,19.688143],[98.025726,19.713794],[98.037722,19.765833],[98.034003,19.803439],[98.048939,19.815203],[98.059105,19.803851],[98.059105,19.803851]]]]}},{"type":"Feature","properties":{"ADM1_EN":"Nakhon Sawan","ADM1_TH":"นครสวรรค์","ADM1_PCODE":"TH60","ADM0_EN":"Thailand","ADM0_TH":"ประเทศไทย"},"geometry":{"type":"MultiPolygon","coordinates":[[[[100.026627,16.189003],[100.03883,16.172421],[100.063225,16.15929],[100.075428,16.162748],[100.086281,16.141566],[100.07686,16.124616],[100.108982,16.076953],[100.131071,16.018135],[100.147603,15.989154],[100.161958,15.977984],[100.175123,15.933324],[100.228971,15.926987],[100.247464,15.938381],[100.248528,15.959043],[100.272019,15.943366],[100.309945,15.961232],[100.321134,15.986044],[100.346369,15.973785],[100.331189,15.940653],[100.347277,15.935267],[100.378419,15.940905],[100.411362,15.929877],[100.43713,15.936924],[100.530057,15.937173],[100.522398,15.919129],[100.563103,15.94422],[100.580529,15.94551],[100.588945,15.9636],[100.618393,15.985086],[100.654148,16.026881],[100.690028,15.993438],[100.73802,15.989825],[100.750288,15.96937],[100.754943,15.943084],[100.767869,15.934606],[100.763975,15.911406],[100.772997,15.899173],[100.809854,15.884306],[100.808045,15.8348],[100.798426,15.825738],[100.824842,15.750183],[100.817439,15.707516],[100.825544,15.68481],[100.825625,15.615056],[100.808013,15.593911],[100.830966,15.562634],[100.788388,15.536945],[100.768962,15.533714],[100.745988,15.513288],[100.767196,15.49856],[100.771823,15.464885],[100.709508,15.440062],[100.679229,15.452622],[100.666734,15.433074],[100.64379,15.417494],[100.642207,15.372631],[100.63223,15.361866],[100.632907,15.323255],[100.622019,15.319047],[100.61268,15.296206],[100.593293,15.287733],[100.590698,15.267701],[100.6176,15.246487],[100.592544,15.247228],[100.590507,15.232267],[100.549036,15.189139],[100.531903,15.183632],[100.507048,15.130499],[100.474967,15.106757],[100.459777,15.11632],[100.42443,15.051635],[100.374908,15.086661],[100.354644,15.096715],[100.355983,15.117642],[100.33983,15.150623],[100.319657,15.158182],[100.298227,15.18002],[100.292249,15.21822],[100.274321,15.224309],[100.278447,15.249911],[100.268804,15.253773],[100.262979,15.287277],[100.251609,15.305847],[100.263356,15.314483],[100.260783,15.339832],[100.250448,15.355046],[100.205057,15.366651],[100.183239,15.379569],[100.143927,15.390423],[100.140071,15.404286],[100.076184,15.427062],[100.054395,15.423819],[100.062656,15.438478],[100.048634,15.45482],[100.013028,15.473199],[100.034583,15.510398],[100.007693,15.501647],[100.000457,15.483727],[99.958913,15.507023],[99.946842,15.501307],[99.940299,15.533265],[99.942469,15.572362],[99.937583,15.600463],[99.941978,15.618274],[99.932477,15.672321],[99.909169,15.669639],[99.863845,15.653972],[99.865616,15.618101],[99.855321,15.617909],[99.794723,15.642462],[99.783181,15.659806],[99.763488,15.662077],[99.736795,15.68625],[99.702059,15.684628],[99.66675,15.666759],[99.660133,15.648989],[99.632057,15.643374],[99.596398,15.628477],[99.548873,15.575747],[99.504385,15.561783],[99.494813,15.570169],[99.468511,15.565529],[99.460598,15.582821],[99.422806,15.614277],[99.379322,15.625498],[99.359758,15.677216],[99.332257,15.691619],[99.296818,15.692902],[99.276827,15.716541],[99.245984,15.722062],[99.213492,15.779769],[99.166206,15.778017],[99.158946,15.793074],[99.133699,15.798261],[99.123721,15.81443],[99.103283,15.821194],[99.095599,15.836744],[99.097459,15.871378],[99.088183,15.879567],[99.126134,15.910529],[99.137592,15.905588],[99.153257,15.919694],[99.185019,15.928421],[99.194129,15.945402],[99.204979,15.936936],[99.22067,15.944399],[99.242521,15.922222],[99.289969,15.891623],[99.290055,15.905136],[99.310248,15.904597],[99.320572,15.927408],[99.330049,15.911495],[99.359167,15.925501],[99.373926,15.915328],[99.415302,15.91063],[99.424548,15.920011],[99.44778,15.902463],[99.476867,15.902287],[99.4777,15.920795],[99.50029,15.927951],[99.538642,15.924777],[99.555142,15.907348],[99.585651,15.906761],[99.624117,15.887303],[99.629058,15.876436],[99.645416,15.886278],[99.662408,15.873537],[99.663613,15.855307],[99.697643,15.877319],[99.722003,15.873468],[99.74383,15.858339],[99.747937,15.876372],[99.77355,15.904869],[99.769098,15.921732],[99.788268,15.927073],[99.804982,15.920601],[99.807196,15.944104],[99.825185,15.950554],[99.847454,15.981829],[99.845285,16.023595],[99.902588,16.047774],[99.926698,16.051646],[99.958333,16.086332],[99.972886,16.110279],[99.996471,16.123006],[100.016717,16.148878],[100.026627,16.189003],[100.026627,16.189003]]]]}},{"type":"Feature","properties":{"ADM1_EN":"Uthai Thani","ADM1_TH":"อุทัยธานี","ADM1_PCODE":"TH61","ADM0_EN":"Thailand","ADM0_TH":"ประเทศไทย"},"geometry":{"type":"MultiPolygon","coordinates":[[[[99.139048,15.796546],[99.158946,15.793074],[99.166206,15.778017],[99.213492,15.779769],[99.245984,15.722062],[99.276827,15.716541],[99.296818,15.692902],[99.332257,15.691619],[99.359758,15.677216],[99.379322,15.625498],[99.422806,15.614277],[99.460598,15.582821],[99.468511,15.565529],[99.496578,15.569581],[99.504385,15.561783],[99.548873,15.575747],[99.596398,15.628477],[99.626869,15.642566],[99.660133,15.648989],[99.66675,15.666759],[99.702059,15.684628],[99.733894,15.687908],[99.763488,15.662077],[99.783181,15.659806],[99.794723,15.642462],[99.855321,15.617909],[99.865616,15.618101],[99.863845,15.653972],[99.909169,15.669639],[99.932477,15.672321],[99.941978,15.618274],[99.937583,15.600463],[99.942469,15.572362],[99.940299,15.533265],[99.946842,15.501307],[99.958913,15.507023],[100.000457,15.483727],[100.007693,15.501647],[100.034583,15.510398],[100.013028,15.473199],[100.048634,15.45482],[100.062656,15.438478],[100.054395,15.423819],[100.076184,15.427062],[100.10187,15.417357],[100.087916,15.410175],[100.100764,15.373196],[100.077262,15.379565],[100.076029,15.366471],[100.100677,15.346916],[100.100898,15.337237],[100.078125,15.314229],[100.080088,15.298326],[100.047663,15.264885],[100.036422,15.292967],[100.011667,15.30029],[99.9675,15.298514],[99.9586,15.306093],[99.917502,15.299273],[99.883469,15.287065],[99.876937,15.301926],[99.851429,15.311121],[99.831577,15.309771],[99.786411,15.319374],[99.757322,15.311857],[99.753521,15.29457],[99.727271,15.249637],[99.733542,15.241266],[99.730208,15.213051],[99.760776,15.174238],[99.748918,15.165645],[99.771665,15.140613],[99.767435,15.130306],[99.790785,15.100284],[99.772588,15.055873],[99.769022,15.022537],[99.728871,14.995023],[99.719372,14.960177],[99.663508,14.988286],[99.63051,14.98703],[99.631318,14.943277],[99.582095,14.947966],[99.562315,14.963056],[99.547092,14.96174],[99.518297,14.978746],[99.477941,14.991511],[99.45624,14.988577],[99.436001,14.999537],[99.415861,15.047346],[99.370594,15.050943],[99.339428,15.080489],[99.319822,15.080905],[99.288888,15.037501],[99.275962,15.004477],[99.282802,14.997616],[99.256274,14.987565],[99.235247,15.009164],[99.203206,15.014641],[99.189929,15.02767],[99.169746,15.014147],[99.135826,15.03701],[99.143195,15.051778],[99.118258,15.054647],[99.100682,15.042275],[99.078432,15.038562],[99.031082,15.048775],[99.008256,15.070533],[99.011743,15.086267],[98.997311,15.104575],[99.000039,15.137759],[99.007528,15.144517],[98.987201,15.185761],[99.002311,15.184736],[99.008338,15.207685],[99.006153,15.23863],[99.018926,15.245611],[99.016656,15.265262],[99.038135,15.2881],[99.031427,15.337532],[99.043136,15.346166],[99.043548,15.37582],[99.067164,15.392485],[99.068473,15.413511],[99.059021,15.438409],[99.064741,15.473234],[99.078575,15.498684],[99.054488,15.52656],[99.051117,15.563055],[99.094263,15.583163],[99.097177,15.61105],[99.115503,15.631625],[99.111647,15.666703],[99.128218,15.722644],[99.138279,15.730536],[99.127297,15.768182],[99.139048,15.796546],[99.139048,15.796546]]]]}},{"type":"Feature","properties":{"ADM1_EN":"Kamphaeng Phet","ADM1_TH":"กำแพงเพชร","ADM1_PCODE":"TH62","ADM0_EN":"Thailand","ADM0_TH":"ประเทศไทย"},"geometry":{"type":"MultiPolygon","coordinates":[[[[99.488747,16.910435],[99.514241,16.882426],[99.517288,16.857705],[99.530936,16.825274],[99.544696,16.862294],[99.570751,16.859536],[99.579608,16.807501],[99.601348,16.789919],[99.622713,16.757128],[99.653758,16.746497],[99.675415,16.727587],[99.694286,16.730932],[99.694971,16.718007],[99.719729,16.722554],[99.744914,16.744098],[99.742324,16.728473],[99.755635,16.721589],[99.759603,16.684911],[99.787205,16.685112],[99.809296,16.698174],[99.803494,16.7105],[99.828875,16.723895],[99.845533,16.715503],[99.85341,16.735272],[99.872374,16.715892],[99.88864,16.715044],[99.889386,16.668671],[99.925148,16.579092],[99.942612,16.574373],[99.970868,16.579897],[100.012214,16.573401],[100.010622,16.521207],[100.024916,16.520214],[100.034285,16.500646],[100.002644,16.464231],[99.993934,16.440095],[99.995284,16.410801],[99.983725,16.380989],[100.031165,16.278298],[100.021412,16.252996],[100.04709,16.210264],[100.0222,16.187532],[100.016717,16.148878],[99.996471,16.123006],[99.972886,16.110279],[99.958333,16.086332],[99.926698,16.051646],[99.873673,16.036944],[99.845285,16.023595],[99.847454,15.981829],[99.825185,15.950554],[99.807196,15.944104],[99.804982,15.920601],[99.788268,15.927073],[99.769098,15.921732],[99.77355,15.904869],[99.747937,15.876372],[99.74383,15.858339],[99.722003,15.873468],[99.697643,15.877319],[99.663613,15.855307],[99.662408,15.873537],[99.645416,15.886278],[99.629058,15.876436],[99.624117,15.887303],[99.597347,15.903682],[99.555142,15.907348],[99.538642,15.924777],[99.50029,15.927951],[99.4777,15.920795],[99.476867,15.902287],[99.44778,15.902463],[99.424548,15.920011],[99.415302,15.91063],[99.373926,15.915328],[99.359167,15.925501],[99.330049,15.911495],[99.320572,15.927408],[99.310248,15.904597],[99.290055,15.905136],[99.289969,15.891623],[99.242521,15.922222],[99.209962,15.948376],[99.194129,15.945402],[99.185019,15.928421],[99.153257,15.919694],[99.137592,15.905588],[99.126134,15.910529],[99.09449,15.882308],[99.086121,15.884496],[99.086198,15.914589],[99.096615,15.93161],[99.074397,15.954131],[99.088546,15.979498],[99.082129,16.005877],[99.088299,16.043732],[99.105528,16.049454],[99.117324,16.073586],[99.104928,16.103101],[99.094333,16.10255],[99.081425,16.123952],[99.051882,16.135388],[99.050999,16.16169],[99.068134,16.165602],[99.079692,16.217866],[99.048158,16.261539],[99.044284,16.29973],[99.053383,16.309377],[99.051269,16.334951],[99.042688,16.338698],[99.041873,16.374325],[99.021551,16.382213],[99.019808,16.418576],[99.04992,16.441335],[99.074869,16.467229],[99.106823,16.480691],[99.121633,16.474029],[99.140466,16.500649],[99.154554,16.499371],[99.180522,16.53245],[99.218393,16.528566],[99.240534,16.534146],[99.256394,16.568903],[99.254976,16.602604],[99.241685,16.624046],[99.246593,16.662176],[99.270812,16.668494],[99.283223,16.706819],[99.295764,16.720055],[99.305512,16.768683],[99.291552,16.784041],[99.316496,16.795541],[99.324109,16.8131],[99.367738,16.80387],[99.385385,16.807846],[99.385541,16.844146],[99.378725,16.858908],[99.391363,16.870391],[99.423058,16.882977],[99.447563,16.869893],[99.473247,16.904207],[99.488747,16.910435],[99.488747,16.910435]]]]}},{"type":"Feature","properties":{"ADM1_EN":"Tak","ADM1_TH":"ตาก","ADM1_PCODE":"TH63","ADM0_EN":"Thailand","ADM0_TH":"ประเทศไทย"},"geometry":{"type":"MultiPolygon","coordinates":[[[[97.973179,17.864481],[97.967122,17.856996],[97.981914,17.839616],[97.975215,17.822874],[98.021903,17.738293],[98.043002,17.680304],[98.040157,17.676144],[98.090009,17.636723],[98.111469,17.578618],[98.127661,17.567668],[98.13598,17.541729],[98.167624,17.547666],[98.178164,17.537439],[98.212242,17.541251],[98.239081,17.550395],[98.270352,17.580087],[98.297909,17.575534],[98.29876,17.552957],[98.314122,17.527649],[98.315214,17.505104],[98.329685,17.469572],[98.319465,17.444964],[98.322495,17.417047],[98.291765,17.407327],[98.319319,17.379666],[98.317388,17.367388],[98.33412,17.347605],[98.332194,17.329674],[98.317682,17.322665],[98.33979,17.295815],[98.362476,17.288528],[98.35786,17.273838],[98.392064,17.242315],[98.398289,17.252148],[98.420735,17.252865],[98.441711,17.270999],[98.478416,17.277539],[98.497155,17.273464],[98.518671,17.281443],[98.532025,17.274507],[98.546361,17.2832],[98.574907,17.284849],[98.574292,17.299734],[98.55683,17.294153],[98.555262,17.335667],[98.562165,17.350466],[98.537494,17.361877],[98.556142,17.39713],[98.55765,17.426606],[98.546413,17.445847],[98.528317,17.453642],[98.518571,17.477616],[98.52003,17.514066],[98.527327,17.536371],[98.549609,17.559281],[98.578004,17.573944],[98.567292,17.59553],[98.534726,17.615904],[98.517419,17.734917],[98.503475,17.760564],[98.50987,17.788031],[98.492735,17.803181],[98.522432,17.824256],[98.561678,17.795433],[98.571055,17.808557],[98.597523,17.802976],[98.614641,17.779805],[98.630459,17.780979],[98.638983,17.814767],[98.669114,17.834541],[98.687583,17.779713],[98.705461,17.760943],[98.703343,17.743769],[98.745435,17.697935],[98.725323,17.676486],[98.683942,17.663647],[98.69163,17.631469],[98.682587,17.596825],[98.694278,17.584551],[98.702431,17.554525],[98.696887,17.515271],[98.705234,17.485987],[98.688059,17.473908],[98.680929,17.447158],[98.690956,17.425889],[98.701638,17.44499],[98.723984,17.463653],[98.749943,17.468088],[98.785495,17.496039],[98.811812,17.498099],[98.830913,17.515048],[98.853397,17.513751],[98.879634,17.490953],[98.881964,17.509417],[98.91015,17.53671],[98.924754,17.525671],[98.93126,17.474361],[98.958739,17.462927],[98.980247,17.467748],[99.013794,17.422491],[99.03227,17.410702],[99.046949,17.385634],[99.087122,17.377072],[99.108335,17.359367],[99.117165,17.367446],[99.141796,17.361009],[99.159955,17.333226],[99.173683,17.335658],[99.2109,17.376538],[99.225094,17.404657],[99.24999,17.406688],[99.270445,17.400009],[99.275381,17.381189],[99.27102,17.349325],[99.286729,17.311273],[99.297212,17.303456],[99.303972,17.273025],[99.315229,17.26984],[99.321421,17.248853],[99.313087,17.176754],[99.314341,17.145685],[99.328702,17.139453],[99.321981,17.11434],[99.339053,17.093169],[99.368689,17.097153],[99.393497,17.078024],[99.387135,17.070355],[99.394866,17.021714],[99.41714,17.018641],[99.429025,16.983322],[99.437726,16.976734],[99.466892,16.98077],[99.439532,16.954164],[99.441908,16.933374],[99.455201,16.912678],[99.440317,16.905049],[99.43262,16.875861],[99.423058,16.882977],[99.391363,16.870391],[99.378725,16.858908],[99.385541,16.844146],[99.385385,16.807846],[99.367738,16.80387],[99.324109,16.8131],[99.316496,16.795541],[99.291552,16.784041],[99.305512,16.768683],[99.295764,16.720055],[99.283223,16.706819],[99.270812,16.668494],[99.246593,16.662176],[99.241685,16.624046],[99.254976,16.602604],[99.256394,16.568903],[99.240534,16.534146],[99.218393,16.528566],[99.180522,16.53245],[99.164077,16.502118],[99.140466,16.500649],[99.121633,16.474029],[99.106823,16.480691],[99.074869,16.467229],[99.04992,16.441335],[99.019808,16.418576],[99.021551,16.382213],[99.041873,16.374325],[99.042688,16.338698],[99.051578,16.333882],[99.053383,16.309377],[99.044284,16.29973],[99.048158,16.261539],[99.079692,16.217866],[99.068134,16.165602],[99.050999,16.16169],[99.051882,16.135388],[99.068457,16.13233],[99.104928,16.103101],[99.117324,16.073586],[99.105528,16.049454],[99.088299,16.043732],[99.082129,16.005877],[99.088546,15.979498],[99.074397,15.954131],[99.096615,15.93161],[99.086198,15.914589],[99.088183,15.879567],[99.097459,15.871378],[99.095599,15.836744],[99.103283,15.821194],[99.123721,15.81443],[99.136077,15.78914],[99.127297,15.768182],[99.138279,15.730536],[99.128218,15.722644],[99.111647,15.666703],[99.115503,15.631625],[99.097177,15.61105],[99.094263,15.583163],[99.051117,15.563055],[99.054488,15.52656],[99.078575,15.498684],[99.064741,15.473234],[99.059021,15.438409],[99.068473,15.413511],[99.067164,15.392485],[99.043548,15.37582],[99.043136,15.346166],[99.031427,15.337532],[99.038135,15.2881],[99.016656,15.265262],[99.018926,15.245611],[99.006153,15.23863],[99.008338,15.207685],[99.002311,15.184736],[98.982149,15.180927],[98.963206,15.208174],[98.955558,15.246997],[98.921384,15.247587],[98.915278,15.264333],[98.886261,15.275067],[98.891439,15.290425],[98.870865,15.324801],[98.829221,15.356078],[98.803227,15.385091],[98.779943,15.42163],[98.754555,15.441756],[98.760757,15.470501],[98.746222,15.482567],[98.705405,15.498223],[98.723703,15.516458],[98.675588,15.578324],[98.65411,15.612886],[98.648616,15.632503],[98.588467,15.64607],[98.585019,15.659399],[98.55778,15.65248],[98.5467,15.682121],[98.566965,15.768413],[98.576879,15.799994],[98.610568,15.876278],[98.595443,15.875375],[98.583987,15.918049],[98.594013,15.959424],[98.60876,15.972882],[98.597292,16.007747],[98.561083,16.0323],[98.567004,16.056482],[98.588706,16.075983],[98.601092,16.072627],[98.607984,16.042966],[98.630956,16.050718],[98.662885,16.075347],[98.672026,16.090622],[98.666561,16.110968],[98.677867,16.127274],[98.701609,16.135944],[98.716696,16.12428],[98.743592,16.118572],[98.778231,16.12879],[98.788765,16.110874],[98.805689,16.104417],[98.847853,16.127723],[98.861396,16.16963],[98.861104,16.197448],[98.852065,16.219507],[98.887005,16.24774],[98.899025,16.250222],[98.915937,16.305602],[98.931636,16.329379],[98.909194,16.346906],[98.920209,16.369586],[98.913054,16.392918],[98.877768,16.425234],[98.861514,16.428437],[98.829222,16.420806],[98.812932,16.393248],[98.817104,16.385153],[98.781973,16.36538],[98.765286,16.341939],[98.747051,16.346427],[98.72683,16.328587],[98.720389,16.298388],[98.706494,16.293059],[98.699427,16.268616],[98.67094,16.284533],[98.671236,16.318068],[98.665135,16.347765],[98.652801,16.35157],[98.663046,16.367462],[98.636441,16.410125],[98.63907,16.431291],[98.656503,16.457197],[98.642603,16.478451],[98.633791,16.477131],[98.606199,16.525116],[98.583445,16.546835],[98.575033,16.573369],[98.583441,16.598114],[98.568693,16.616756],[98.571165,16.631253],[98.538005,16.634566],[98.520446,16.650262],[98.513096,16.644135],[98.516164,16.694596],[98.50142,16.696906],[98.502642,16.710287],[98.463076,16.730373],[98.461982,16.74983],[98.478324,16.746115],[98.477338,16.764352],[98.489816,16.772718],[98.484115,16.787611],[98.519813,16.789944],[98.520118,16.807756],[98.547221,16.813021],[98.53536,16.829743],[98.503631,16.832283],[98.491998,16.843374],[98.507978,16.879291],[98.539844,16.861819],[98.525912,16.884952],[98.535245,16.898922],[98.513954,16.901356],[98.52123,16.917742],[98.505538,16.927726],[98.490057,16.92232],[98.48235,16.939975],[98.49825,16.95089],[98.468674,16.995979],[98.447542,16.99703],[98.450745,17.024472],[98.431501,17.021474],[98.438166,17.035027],[98.393056,17.058861],[98.359984,17.048746],[98.337587,17.051029],[98.31851,17.06821],[98.313799,17.094753],[98.321224,17.111847],[98.279615,17.117015],[98.290194,17.154729],[98.2711,17.152322],[98.279721,17.172807],[98.2488,17.18409],[98.243615,17.221736],[98.213004,17.228291],[98.196775,17.254828],[98.173799,17.2589],[98.167493,17.27257],[98.120046,17.322929],[98.112171,17.319283],[98.104769,17.354236],[98.119008,17.370752],[98.109646,17.385729],[98.089136,17.395859],[98.080574,17.389746],[98.059438,17.421347],[98.045297,17.430102],[98.056838,17.438311],[98.03635,17.452059],[97.99153,17.510688],[97.970383,17.508103],[97.963276,17.526347],[97.923099,17.539266],[97.90647,17.582973],[97.849657,17.625102],[97.819572,17.660477],[97.79324,17.680116],[97.792091,17.689626],[97.762857,17.725741],[97.762305,17.746253],[97.77378,17.749568],[97.742376,17.785765],[97.762044,17.776562],[97.785148,17.785103],[97.79471,17.777122],[97.817417,17.78638],[97.845825,17.778901],[97.90204,17.809315],[97.899591,17.828259],[97.91834,17.858303],[97.973179,17.864481],[97.973179,17.864481]]]]}},{"type":"Feature","properties":{"ADM1_EN":"Sukhothai","ADM1_TH":"สุโขทัย","ADM1_PCODE":"TH64","ADM0_EN":"Thailand","ADM0_TH":"ประเทศไทย"},"geometry":{"type":"MultiPolygon","coordinates":[[[[99.600509,17.820399],[99.629894,17.814266],[99.649467,17.796608],[99.670695,17.799252],[99.690692,17.759444],[99.70666,17.757587],[99.710359,17.737234],[99.726152,17.721524],[99.753034,17.74044],[99.772798,17.781435],[99.807643,17.802708],[99.860415,17.798359],[99.894491,17.807192],[99.924799,17.775565],[99.911464,17.764035],[99.943539,17.723798],[99.962903,17.711821],[99.977228,17.656998],[99.966655,17.62863],[99.976907,17.62221],[99.940205,17.592151],[99.927057,17.588598],[99.926329,17.564465],[99.942584,17.545706],[99.929655,17.521796],[99.934493,17.513284],[99.971456,17.495935],[99.98043,17.473843],[100.002753,17.457991],[100.020006,17.458566],[100.030522,17.43604],[100.017135,17.418423],[99.990677,17.406499],[100.009539,17.381344],[100.000876,17.354198],[100.015788,17.329889],[99.995432,17.326724],[100.004438,17.296334],[99.977045,17.287248],[99.964603,17.27228],[99.962954,17.250054],[99.972952,17.241803],[99.958057,17.231357],[99.980437,17.217764],[99.973321,17.199712],[99.983532,17.189189],[99.972875,17.165173],[99.956983,17.171687],[99.959121,17.11908],[99.996851,17.085524],[100.014199,17.061452],[100.004897,17.043682],[100.04088,17.013924],[100.060806,17.013032],[100.077196,16.992402],[100.101588,16.980838],[100.111399,16.935115],[100.110795,16.914859],[100.086977,16.889584],[100.064615,16.884281],[100.043505,16.894764],[100.010624,16.888826],[100.007711,16.870444],[99.941429,16.863595],[99.945195,16.837446],[99.929903,16.81101],[99.887727,16.796303],[99.863244,16.740886],[99.845533,16.715503],[99.828875,16.723895],[99.803494,16.7105],[99.809296,16.698174],[99.787205,16.685112],[99.759603,16.684911],[99.755635,16.721589],[99.742324,16.728473],[99.744914,16.744098],[99.719729,16.722554],[99.694971,16.718007],[99.693118,16.731204],[99.675415,16.727587],[99.653758,16.746497],[99.622713,16.757128],[99.601348,16.789919],[99.581987,16.803269],[99.570751,16.859536],[99.544696,16.862294],[99.530936,16.825274],[99.517288,16.857705],[99.514241,16.882426],[99.488747,16.910435],[99.469572,16.900652],[99.447563,16.869893],[99.43262,16.875861],[99.440317,16.905049],[99.455201,16.912678],[99.437455,16.954264],[99.466892,16.98077],[99.440495,16.976075],[99.429025,16.983322],[99.41714,17.018641],[99.396753,17.022125],[99.387135,17.070355],[99.393497,17.078024],[99.368689,17.097153],[99.338043,17.095332],[99.321981,17.11434],[99.328702,17.139453],[99.314341,17.145685],[99.313087,17.176754],[99.321421,17.248853],[99.315229,17.26984],[99.337257,17.267828],[99.358454,17.249155],[99.373822,17.210793],[99.395255,17.206991],[99.400498,17.220018],[99.439918,17.229067],[99.441092,17.252311],[99.453599,17.251838],[99.451802,17.29703],[99.477232,17.326101],[99.468487,17.369015],[99.456292,17.369351],[99.430834,17.390629],[99.427163,17.409304],[99.440704,17.433752],[99.421051,17.442272],[99.407083,17.467714],[99.416046,17.47897],[99.423277,17.51996],[99.439362,17.527423],[99.430771,17.548427],[99.43595,17.562761],[99.413043,17.574074],[99.425934,17.609134],[99.454332,17.598106],[99.44754,17.644631],[99.476206,17.676331],[99.470349,17.689383],[99.486711,17.762813],[99.519274,17.797552],[99.547615,17.811933],[99.600509,17.820399],[99.600509,17.820399]]]]}},{"type":"Feature","properties":{"ADM1_EN":"Phitsanulok","ADM1_TH":"พิษณุโลก","ADM1_PCODE":"TH65","ADM0_EN":"Thailand","ADM0_TH":"ประเทศไทย"},"geometry":{"type":"MultiPolygon","coordinates":[[[[101.003268,17.733399],[101.009192,17.700236],[100.992769,17.674771],[100.991654,17.618631],[100.969118,17.593538],[100.96788,17.571622],[100.928158,17.56924],[100.900058,17.591013],[100.879289,17.583797],[100.861172,17.544738],[100.871829,17.529179],[100.833821,17.482538],[100.834784,17.468486],[100.854908,17.451512],[100.874524,17.449364],[100.893872,17.465575],[100.916419,17.45084],[100.922433,17.402252],[100.91679,17.399315],[100.91368,17.342615],[100.93709,17.335474],[100.99293,17.341427],[101.006996,17.333173],[101.015421,17.311557],[101.027076,17.311058],[101.048428,17.286235],[101.080107,17.281979],[101.092771,17.253108],[101.108774,17.235286],[101.107986,17.216353],[101.075081,17.177686],[101.077821,17.136619],[101.071602,17.11767],[101.051202,17.115307],[101.058261,17.028763],[101.046412,17.002213],[101.051437,16.955972],[101.026685,16.943896],[101.03953,16.928833],[101.071489,16.924477],[101.067028,16.902846],[101.048157,16.90676],[101.030867,16.89324],[101.026947,16.874496],[101.008104,16.856584],[100.981815,16.849564],[100.978903,16.827526],[100.962437,16.830741],[100.948392,16.791419],[100.917823,16.791785],[100.90238,16.800572],[100.906177,16.783424],[100.898785,16.761959],[100.919963,16.757784],[100.913792,16.732301],[100.931129,16.717188],[100.927445,16.665308],[100.885555,16.665857],[100.862154,16.638892],[100.861823,16.614447],[100.852685,16.614625],[100.847498,16.592595],[100.858331,16.546696],[100.84602,16.540275],[100.848644,16.522324],[100.834299,16.520075],[100.833797,16.504029],[100.81418,16.495125],[100.815643,16.48209],[100.793826,16.473002],[100.805441,16.44843],[100.786811,16.450182],[100.742675,16.4192],[100.708691,16.419133],[100.706561,16.384678],[100.671697,16.356132],[100.652932,16.326405],[100.625968,16.318968],[100.622982,16.361934],[100.635754,16.374654],[100.633112,16.395987],[100.590027,16.423118],[100.568118,16.459782],[100.585127,16.468681],[100.583865,16.508482],[100.577013,16.524279],[100.579885,16.581121],[100.553746,16.570463],[100.49759,16.563257],[100.472569,16.53278],[100.469148,16.520228],[100.429212,16.520756],[100.422926,16.53742],[100.388899,16.554158],[100.360126,16.53621],[100.320624,16.524618],[100.263257,16.537626],[100.235068,16.529648],[100.23122,16.578847],[100.232849,16.61207],[100.217493,16.629999],[100.215743,16.64709],[100.191225,16.646198],[100.196434,16.607802],[100.178509,16.600891],[100.186061,16.58961],[100.166415,16.591193],[100.149781,16.605911],[100.13998,16.598935],[100.118651,16.614072],[100.086642,16.598324],[100.079729,16.57943],[100.043213,16.572067],[100.031747,16.584348],[100.019674,16.574373],[99.970868,16.579897],[99.942612,16.574373],[99.925148,16.579092],[99.889386,16.668671],[99.88864,16.715044],[99.872374,16.715892],[99.85341,16.735272],[99.876961,16.765386],[99.887727,16.796303],[99.929903,16.81101],[99.945195,16.837446],[99.941429,16.863595],[100.007711,16.870444],[100.010624,16.888826],[100.043505,16.894764],[100.064615,16.884281],[100.086977,16.889584],[100.110795,16.914859],[100.111399,16.935115],[100.101588,16.980838],[100.077196,16.992402],[100.060806,17.013032],[100.04088,17.013924],[100.004897,17.043682],[100.014199,17.061452],[99.959121,17.11908],[99.956983,17.171687],[100.009232,17.151287],[99.995365,17.140639],[100.014413,17.139288],[100.038323,17.181074],[100.077797,17.181988],[100.103156,17.189357],[100.118359,17.183423],[100.149771,17.185797],[100.159684,17.165799],[100.167579,17.201119],[100.229696,17.211676],[100.239263,17.221698],[100.282461,17.220609],[100.273717,17.2386],[100.27258,17.274226],[100.281036,17.30123],[100.283336,17.336388],[100.296709,17.347423],[100.288912,17.376114],[100.307617,17.383016],[100.325513,17.36937],[100.328489,17.385324],[100.34861,17.392601],[100.355814,17.38285],[100.389617,17.401354],[100.435719,17.416693],[100.486981,17.418916],[100.501508,17.428837],[100.512708,17.404654],[100.530276,17.417113],[100.584901,17.418943],[100.600072,17.436753],[100.61306,17.465517],[100.644139,17.473797],[100.642248,17.493274],[100.675609,17.5061],[100.688832,17.522086],[100.740419,17.542843],[100.746733,17.559067],[100.774773,17.585438],[100.77249,17.596045],[100.814471,17.644143],[100.842722,17.653415],[100.857854,17.689061],[100.87461,17.710783],[100.905369,17.714923],[100.923876,17.696512],[100.964607,17.701685],[100.98885,17.743676],[101.003268,17.733399],[101.003268,17.733399]]]]}},{"type":"Feature","properties":{"ADM1_EN":"Phichit","ADM1_TH":"พิจิตร","ADM1_PCODE":"TH66","ADM0_EN":"Thailand","ADM0_TH":"ประเทศไทย"},"geometry":{"type":"MultiPolygon","coordinates":[[[[100.216479,16.647198],[100.217493,16.629999],[100.232849,16.61207],[100.23122,16.578847],[100.235068,16.529648],[100.263257,16.537626],[100.320624,16.524618],[100.360126,16.53621],[100.388899,16.554158],[100.422926,16.53742],[100.429212,16.520756],[100.469148,16.520228],[100.481043,16.547458],[100.49759,16.563257],[100.553746,16.570463],[100.579885,16.581121],[100.577013,16.524279],[100.583865,16.508482],[100.585127,16.468681],[100.568118,16.459782],[100.590027,16.423118],[100.633112,16.395987],[100.635754,16.374654],[100.622982,16.361934],[100.625968,16.318968],[100.649254,16.326992],[100.652678,16.289691],[100.678477,16.271036],[100.666756,16.248498],[100.693767,16.248115],[100.705114,16.263711],[100.719844,16.250827],[100.709954,16.245592],[100.644305,16.138112],[100.656201,16.108357],[100.634718,16.044123],[100.657062,16.050288],[100.66701,16.031223],[100.693496,16.024509],[100.728158,16.02353],[100.784705,15.992341],[100.776891,15.971242],[100.799272,15.937777],[100.770688,15.929706],[100.754943,15.943084],[100.750288,15.96937],[100.73802,15.989825],[100.690028,15.993438],[100.654148,16.026881],[100.618393,15.985086],[100.588945,15.9636],[100.580529,15.94551],[100.522398,15.919129],[100.530057,15.937173],[100.462461,15.938533],[100.411362,15.929877],[100.378419,15.940905],[100.347277,15.935267],[100.331189,15.940653],[100.346369,15.973785],[100.321134,15.986044],[100.309945,15.961232],[100.268721,15.939679],[100.262238,15.957477],[100.248528,15.959043],[100.247464,15.938381],[100.228971,15.926987],[100.175123,15.933324],[100.161958,15.977984],[100.147603,15.989154],[100.131071,16.018135],[100.118186,16.059087],[100.07686,16.124616],[100.086281,16.141566],[100.075428,16.162748],[100.063225,16.15929],[100.03883,16.172421],[100.024851,16.191184],[100.04709,16.210264],[100.021412,16.252996],[100.031165,16.278298],[100.019133,16.296976],[100.021169,16.312572],[99.983725,16.380989],[99.995284,16.410801],[99.993934,16.440095],[100.002644,16.464231],[100.034285,16.500646],[100.024916,16.520214],[100.010622,16.521207],[100.012214,16.573401],[100.031747,16.584348],[100.043213,16.572067],[100.075041,16.577248],[100.086642,16.598324],[100.118651,16.614072],[100.13998,16.598935],[100.149781,16.605911],[100.166415,16.591193],[100.186061,16.58961],[100.178509,16.600891],[100.196434,16.607802],[100.191225,16.646198],[100.216479,16.647198],[100.216479,16.647198]]]]}},{"type":"Feature","properties":{"ADM1_EN":"Phetchabun","ADM1_TH":"เพชรบูรณ์","ADM1_PCODE":"TH67","ADM0_EN":"Thailand","ADM0_TH":"ประเทศไทย"},"geometry":{"type":"MultiPolygon","coordinates":[[[[101.398711,17.177923],[101.452741,17.139571],[101.458729,17.09868],[101.476022,17.088541],[101.489343,17.058907],[101.491928,17.033112],[101.504279,17.010135],[101.533594,17.023192],[101.551638,16.994731],[101.575381,16.983817],[101.5877,16.996228],[101.612976,17.004289],[101.628632,17.044989],[101.650302,17.040232],[101.645477,17.028362],[101.659823,16.99532],[101.674801,16.976225],[101.669835,16.96018],[101.692065,16.923654],[101.67709,16.867521],[101.693589,16.834987],[101.718777,16.815526],[101.719479,16.799538],[101.700515,16.8095],[101.686382,16.79848],[101.704392,16.78412],[101.718061,16.759879],[101.730139,16.753574],[101.758378,16.755855],[101.793846,16.766099],[101.786426,16.741362],[101.791113,16.726446],[101.776158,16.71227],[101.772694,16.688414],[101.72504,16.652012],[101.699174,16.680035],[101.656409,16.688833],[101.636239,16.680564],[101.618869,16.685437],[101.585549,16.722686],[101.553249,16.727594],[101.551969,16.71535],[101.570464,16.691809],[101.578719,16.670079],[101.571749,16.648256],[101.545394,16.668435],[101.513427,16.681131],[101.508859,16.655559],[101.526248,16.621723],[101.506487,16.61622],[101.498691,16.563171],[101.519537,16.549588],[101.49391,16.537192],[101.46476,16.514653],[101.473283,16.476918],[101.450676,16.455984],[101.444195,16.438172],[101.419008,16.423759],[101.416428,16.408314],[101.400914,16.401638],[101.409732,16.389943],[101.377764,16.348542],[101.379292,16.318389],[101.367721,16.29207],[101.371447,16.273947],[101.35481,16.260871],[101.373569,16.241493],[101.36698,16.227363],[101.379951,16.189745],[101.362305,16.182752],[101.34496,16.157891],[101.338947,16.104112],[101.333638,16.093451],[101.346046,16.069245],[101.364976,16.075004],[101.377812,15.989399],[101.370855,15.939489],[101.361025,15.923016],[101.369827,15.909703],[101.348292,15.886276],[101.338589,15.886872],[101.325716,15.852138],[101.330158,15.831023],[101.319634,15.78874],[101.336329,15.765902],[101.338119,15.718724],[101.360061,15.688499],[101.340832,15.658906],[101.343178,15.635643],[101.328486,15.605289],[101.31706,15.602527],[101.307661,15.552435],[101.290295,15.53697],[101.30429,15.519384],[101.307275,15.47172],[101.29767,15.456352],[101.304713,15.414955],[101.299017,15.380236],[101.274817,15.360693],[101.212393,15.333906],[101.205435,15.319422],[101.189274,15.329612],[101.172619,15.326513],[101.152725,15.336875],[101.130508,15.337985],[101.110096,15.325259],[101.085315,15.34429],[101.083057,15.354866],[101.066071,15.327917],[101.050944,15.320945],[101.026726,15.337682],[101.001435,15.318492],[100.977041,15.336501],[100.97483,15.416534],[100.947682,15.407478],[100.930491,15.416571],[100.925602,15.432978],[100.93213,15.466087],[100.928699,15.487688],[100.904146,15.496225],[100.900075,15.512909],[100.884292,15.528415],[100.856393,15.531901],[100.851742,15.550888],[100.813476,15.577971],[100.808013,15.593911],[100.825625,15.615056],[100.825544,15.68481],[100.817439,15.707516],[100.824842,15.750183],[100.798426,15.825738],[100.808045,15.8348],[100.809854,15.884306],[100.772997,15.899173],[100.763975,15.911406],[100.766067,15.931128],[100.795978,15.931907],[100.790545,15.958492],[100.776891,15.971242],[100.784705,15.992341],[100.728158,16.02353],[100.693496,16.024509],[100.666049,16.031612],[100.650742,16.052275],[100.636525,16.049914],[100.656201,16.108357],[100.644305,16.138112],[100.709954,16.245592],[100.719844,16.250827],[100.704073,16.262734],[100.693767,16.248115],[100.666756,16.248498],[100.678477,16.271036],[100.652678,16.289691],[100.652932,16.326405],[100.671697,16.356132],[100.706561,16.384678],[100.708691,16.419133],[100.742675,16.4192],[100.786811,16.450182],[100.805441,16.44843],[100.793826,16.473002],[100.815643,16.48209],[100.81418,16.495125],[100.833797,16.504029],[100.834299,16.520075],[100.848644,16.522324],[100.84602,16.540275],[100.858331,16.546696],[100.847498,16.592595],[100.852685,16.614625],[100.861823,16.614447],[100.862154,16.638892],[100.885555,16.665857],[100.927445,16.665308],[100.931129,16.717188],[100.913792,16.732301],[100.919963,16.757784],[100.898785,16.761959],[100.906177,16.783424],[100.90238,16.800572],[100.917823,16.791785],[100.948392,16.791419],[100.962437,16.830741],[100.978903,16.827526],[100.981815,16.849564],[101.008104,16.856584],[101.026947,16.874496],[101.030867,16.89324],[101.048157,16.90676],[101.07904,16.899558],[101.100532,16.911552],[101.115516,16.951644],[101.115066,17.016405],[101.140152,17.032632],[101.167176,17.037374],[101.188435,17.06597],[101.228638,17.06481],[101.224702,17.083577],[101.250161,17.111594],[101.272727,17.096208],[101.306292,17.11821],[101.306845,17.128806],[101.362451,17.171537],[101.398711,17.177923],[101.398711,17.177923]]]]}},{"type":"Feature","properties":{"ADM1_EN":"Ratchaburi","ADM1_TH":"ราชบุรี","ADM1_PCODE":"TH70","ADM0_EN":"Thailand","ADM0_TH":"ประเทศไทย"},"geometry":{"type":"MultiPolygon","coordinates":[[[[99.8821,13.949768],[99.927035,13.934066],[99.916669,13.913517],[99.928087,13.910064],[99.905428,13.882741],[99.912694,13.871371],[99.909045,13.847307],[99.93708,13.841145],[99.942199,13.829904],[99.958591,13.836249],[99.969737,13.798494],[99.954878,13.795291],[99.952418,13.774212],[99.937924,13.769773],[99.94213,13.745168],[99.960176,13.721852],[100.019543,13.746843],[100.025054,13.698437],[100.06842,13.692661],[100.053916,13.619043],[100.03111,13.612614],[100.042685,13.593753],[100.037222,13.582497],[100.045997,13.559314],[100.041948,13.536527],[100.028973,13.528822],[100.029091,13.505854],[100.008558,13.516232],[99.994831,13.493891],[99.989475,13.501138],[99.966574,13.485499],[99.960688,13.49746],[99.940241,13.499119],[99.924323,13.514529],[99.889164,13.470097],[99.891369,13.432393],[99.869739,13.382884],[99.855951,13.329182],[99.810787,13.34025],[99.805052,13.329851],[99.756995,13.343358],[99.69937,13.316952],[99.684086,13.291502],[99.666297,13.286857],[99.66429,13.214484],[99.594943,13.19888],[99.519704,13.208156],[99.506663,13.180379],[99.47833,13.200517],[99.463944,13.183988],[99.442483,13.183455],[99.406657,13.213147],[99.371566,13.220765],[99.351238,13.243744],[99.336416,13.222035],[99.323312,13.222853],[99.318699,13.202535],[99.324939,13.178546],[99.27192,13.148794],[99.22776,13.202858],[99.21591,13.201253],[99.203784,13.218985],[99.208438,13.23149],[99.197159,13.257085],[99.210287,13.260074],[99.18711,13.291114],[99.191846,13.322539],[99.206288,13.337466],[99.197262,13.450486],[99.206281,13.457986],[99.203757,13.478815],[99.187065,13.497018],[99.191582,13.544756],[99.162836,13.574157],[99.178091,13.58442],[99.165287,13.612929],[99.171687,13.630338],[99.165516,13.68296],[99.167593,13.736586],[99.212378,13.73797],[99.238402,13.751129],[99.265399,13.743442],[99.303553,13.775943],[99.33993,13.755804],[99.379193,13.755139],[99.413948,13.774691],[99.458276,13.78358],[99.479462,13.802611],[99.487242,13.782832],[99.504867,13.766218],[99.543841,13.758978],[99.595948,13.784275],[99.61211,13.801175],[99.630232,13.805214],[99.666274,13.846297],[99.709468,13.825444],[99.758433,13.824054],[99.795873,13.818484],[99.802289,13.807306],[99.816,13.823926],[99.820074,13.864575],[99.837029,13.866338],[99.850052,13.907038],[99.878901,13.952193],[99.8821,13.949768],[99.8821,13.949768]]]]}},{"type":"Feature","properties":{"ADM1_EN":"Kanchanaburi","ADM1_TH":"กาญจนบุรี","ADM1_PCODE":"TH71","ADM0_EN":"Thailand","ADM0_TH":"ประเทศไทย"},"geometry":{"type":"MultiPolygon","coordinates":[[[[98.586315,15.654653],[98.588467,15.64607],[98.648616,15.632503],[98.65411,15.612886],[98.675588,15.578324],[98.723703,15.516458],[98.705405,15.498223],[98.746222,15.482567],[98.760757,15.470501],[98.754555,15.441756],[98.779943,15.42163],[98.803227,15.385091],[98.829221,15.356078],[98.870865,15.324801],[98.891439,15.290425],[98.886261,15.275067],[98.915278,15.264333],[98.921384,15.247587],[98.955558,15.246997],[98.971258,15.191551],[98.999216,15.164676],[99.007528,15.144517],[99.000039,15.137759],[98.997311,15.104575],[99.011743,15.086267],[99.008256,15.070533],[99.031082,15.048775],[99.078432,15.038562],[99.100682,15.042275],[99.118258,15.054647],[99.143195,15.051778],[99.135826,15.03701],[99.169746,15.014147],[99.189929,15.02767],[99.203206,15.014641],[99.235247,15.009164],[99.256274,14.987565],[99.283318,14.989085],[99.30448,14.974565],[99.325014,14.941627],[99.324473,14.899437],[99.3006,14.871551],[99.287231,14.864662],[99.292124,14.833342],[99.309627,14.812835],[99.327139,14.810022],[99.341656,14.784321],[99.380733,14.764811],[99.41497,14.776091],[99.433447,14.776141],[99.43281,14.754586],[99.442086,14.732125],[99.466269,14.717024],[99.488898,14.716305],[99.491916,14.704664],[99.567064,14.709515],[99.577929,14.770106],[99.577891,14.789242],[99.611709,14.785775],[99.629035,14.801009],[99.658869,14.802645],[99.717658,14.750983],[99.76262,14.745662],[99.789443,14.736017],[99.78323,14.718736],[99.794298,14.681107],[99.810226,14.668523],[99.808126,14.64729],[99.818013,14.628561],[99.798079,14.616705],[99.803469,14.59578],[99.794856,14.546285],[99.809677,14.539738],[99.804952,14.525684],[99.829289,14.500375],[99.81484,14.437495],[99.824537,14.412328],[99.825817,14.365723],[99.812074,14.350648],[99.806695,14.325989],[99.833566,14.272161],[99.820946,14.260906],[99.815227,14.235568],[99.793967,14.21265],[99.802572,14.190486],[99.781892,14.142205],[99.785536,14.12454],[99.767909,14.116455],[99.77218,14.093934],[99.792038,14.099331],[99.808604,14.082663],[99.811565,14.064938],[99.847585,14.052696],[99.829192,13.998385],[99.853926,13.964602],[99.878901,13.952193],[99.850052,13.907038],[99.837029,13.866338],[99.820074,13.864575],[99.816,13.823926],[99.802289,13.807306],[99.795873,13.818484],[99.730265,13.828137],[99.709468,13.825444],[99.666274,13.846297],[99.630232,13.805214],[99.61211,13.801175],[99.595948,13.784275],[99.543841,13.758978],[99.504867,13.766218],[99.487242,13.782832],[99.479462,13.802611],[99.458276,13.78358],[99.413948,13.774691],[99.379193,13.755139],[99.33993,13.755804],[99.303553,13.775943],[99.265399,13.743442],[99.238402,13.751129],[99.212378,13.73797],[99.167547,13.726179],[99.154504,13.735391],[99.153698,13.755786],[99.121657,13.77285],[99.121413,13.812613],[99.114452,13.830246],[99.099631,13.837491],[99.110452,13.865382],[99.108751,13.890646],[99.080826,13.891498],[99.065704,13.907827],[99.059942,13.928917],[99.043926,13.941672],[99.018793,13.947838],[99.009383,13.993435],[98.997919,14.018273],[98.972312,14.03259],[98.967317,14.082836],[98.957542,14.09714],[98.94545,14.092212],[98.919808,14.109978],[98.900287,14.108221],[98.874456,14.12744],[98.8627,14.146841],[98.828944,14.175428],[98.814062,14.17501],[98.798495,14.192964],[98.757178,14.213629],[98.732877,14.239594],[98.700284,14.260107],[98.698444,14.274212],[98.676426,14.281785],[98.636597,14.306834],[98.613808,14.312623],[98.59721,14.327093],[98.595846,14.368511],[98.575893,14.369202],[98.562229,14.386321],[98.557502,14.419695],[98.533496,14.442818],[98.513884,14.474168],[98.497732,14.511452],[98.49263,14.539045],[98.461301,14.53111],[98.455642,14.556669],[98.459061,14.578306],[98.432764,14.61379],[98.366013,14.667024],[98.36181,14.688752],[98.334574,14.711591],[98.32986,14.704941],[98.285217,14.77048],[98.276756,14.791999],[98.254264,14.813524],[98.245942,14.830935],[98.258561,14.843704],[98.258353,14.859739],[98.229736,14.890275],[98.250102,14.915578],[98.242899,14.939277],[98.230424,14.943376],[98.232835,14.963086],[98.208695,14.980886],[98.211301,15.015863],[98.23052,15.046087],[98.210869,15.075357],[98.184165,15.096647],[98.181175,15.115221],[98.213109,15.183242],[98.199202,15.211045],[98.197828,15.233646],[98.209166,15.238805],[98.234843,15.220177],[98.258021,15.224345],[98.280438,15.270449],[98.303185,15.280144],[98.29432,15.297704],[98.305919,15.313323],[98.34434,15.292542],[98.398423,15.307662],[98.393455,15.342535],[98.427793,15.367818],[98.435032,15.36235],[98.462166,15.385492],[98.470262,15.372284],[98.476377,15.391303],[98.500496,15.404598],[98.521149,15.392277],[98.531061,15.371894],[98.547179,15.359477],[98.549473,15.338164],[98.559532,15.337092],[98.580243,15.376884],[98.585226,15.471422],[98.552756,15.602381],[98.562766,15.639581],[98.55778,15.65248],[98.586315,15.654653],[98.586315,15.654653]]]]}},{"type":"Feature","properties":{"ADM1_EN":"Suphan Buri","ADM1_TH":"สุพรรณบุรี","ADM1_PCODE":"TH72","ADM0_EN":"Thailand","ADM0_TH":"ประเทศไทย"},"geometry":{"type":"MultiPolygon","coordinates":[[[[99.371185,15.050726],[99.415861,15.047346],[99.436001,14.999537],[99.45624,14.988577],[99.477941,14.991511],[99.527796,14.979895],[99.547092,14.96174],[99.562315,14.963056],[99.582668,14.947408],[99.631318,14.943277],[99.628688,14.988391],[99.663508,14.988286],[99.719372,14.960177],[99.734011,14.96344],[99.873791,14.923302],[99.88822,14.926348],[99.931827,14.906967],[99.970748,14.912807],[100.005766,14.907967],[100.041733,14.91493],[100.045449,14.941302],[100.040071,14.961137],[100.076121,14.95111],[100.08874,14.956029],[100.105944,14.945709],[100.125134,14.947392],[100.138173,14.937039],[100.12652,14.92993],[100.157733,14.929012],[100.187671,14.957931],[100.201756,14.959118],[100.19821,14.939904],[100.182381,14.934903],[100.1869,14.907694],[100.215767,14.910325],[100.224203,14.903492],[100.207594,14.887568],[100.224387,14.884176],[100.216167,14.871664],[100.217954,14.84241],[100.204287,14.809608],[100.225723,14.797087],[100.229732,14.783993],[100.206682,14.772945],[100.206598,14.737748],[100.218666,14.725525],[100.203946,14.721321],[100.223573,14.688951],[100.221103,14.671008],[100.24134,14.646066],[100.209326,14.637962],[100.207215,14.62287],[100.191733,14.609026],[100.217967,14.598066],[100.197573,14.566516],[100.211999,14.516282],[100.231275,14.503359],[100.230515,14.488143],[100.253032,14.476277],[100.244559,14.457058],[100.245797,14.43625],[100.27957,14.400175],[100.26264,14.363267],[100.273373,14.359495],[100.282466,14.329578],[100.250967,14.29194],[100.250896,14.262979],[100.24339,14.241038],[100.233651,14.241557],[100.231461,14.213103],[100.238313,14.197313],[100.224852,14.193979],[100.201901,14.16995],[100.174762,14.160132],[100.160935,14.146807],[100.051187,14.14634],[100.039174,14.153635],[100.00391,14.141201],[99.966675,14.139964],[99.965289,14.130841],[99.927147,14.127745],[99.89225,14.090125],[99.868282,14.073584],[99.834785,14.079039],[99.808637,14.06784],[99.81175,14.077574],[99.792038,14.099331],[99.77218,14.093934],[99.767909,14.116455],[99.785536,14.12454],[99.781892,14.142205],[99.802572,14.190486],[99.793967,14.21265],[99.815227,14.235568],[99.820946,14.260906],[99.833566,14.272161],[99.806695,14.325989],[99.812074,14.350648],[99.825817,14.365723],[99.824537,14.412328],[99.81484,14.437495],[99.829289,14.500375],[99.804952,14.525684],[99.809677,14.539738],[99.794856,14.546285],[99.803469,14.59578],[99.798079,14.616705],[99.818013,14.628561],[99.808126,14.64729],[99.810226,14.668523],[99.794298,14.681107],[99.78323,14.718736],[99.789443,14.736017],[99.76262,14.745662],[99.717658,14.750983],[99.658869,14.802645],[99.629035,14.801009],[99.611709,14.785775],[99.577891,14.789242],[99.57677,14.75037],[99.567064,14.709515],[99.491916,14.704664],[99.488898,14.716305],[99.466269,14.717024],[99.442086,14.732125],[99.43281,14.754586],[99.433447,14.776141],[99.41497,14.776091],[99.380733,14.764811],[99.341656,14.784321],[99.327139,14.810022],[99.309627,14.812835],[99.292124,14.833342],[99.287231,14.864662],[99.313434,14.883575],[99.324473,14.899437],[99.325014,14.941627],[99.30448,14.974565],[99.283318,14.989085],[99.275962,15.004477],[99.288888,15.037501],[99.319822,15.080905],[99.339428,15.080489],[99.371185,15.050726],[99.371185,15.050726]]]]}},{"type":"Feature","properties":{"ADM1_EN":"Nakhon Pathom","ADM1_TH":"นครปฐม","ADM1_PCODE":"TH73","ADM0_EN":"Thailand","ADM0_TH":"ประเทศไทย"},"geometry":{"type":"MultiPolygon","coordinates":[[[[100.223073,14.177254],[100.284139,14.169591],[100.272363,14.068336],[100.264161,14.060159],[100.276865,14.023852],[100.264066,14.010168],[100.274077,13.982784],[100.29822,13.963371],[100.265449,13.920607],[100.276123,13.91294],[100.330697,13.798146],[100.330112,13.762374],[100.335739,13.722985],[100.283646,13.714065],[100.283719,13.697318],[100.270747,13.683396],[100.227156,13.672738],[100.209767,13.684808],[100.189087,13.674011],[100.181738,13.688988],[100.16359,13.676781],[100.156143,13.684225],[100.120959,13.679139],[100.121767,13.653835],[100.105482,13.649253],[100.060268,13.660286],[100.06842,13.692661],[100.025054,13.698437],[100.019543,13.746843],[99.960176,13.721852],[99.94213,13.745168],[99.937924,13.769773],[99.952418,13.774212],[99.954878,13.795291],[99.969737,13.798494],[99.958591,13.836249],[99.942199,13.829904],[99.93708,13.841145],[99.909045,13.847307],[99.912694,13.871371],[99.905428,13.882741],[99.928087,13.910064],[99.916669,13.913517],[99.927035,13.934066],[99.882182,13.949756],[99.875408,13.961621],[99.853926,13.964602],[99.829192,13.998385],[99.847585,14.052696],[99.814101,14.064237],[99.834785,14.079039],[99.868282,14.073584],[99.89225,14.090125],[99.927147,14.127745],[99.965289,14.130841],[99.966675,14.139964],[100.00391,14.141201],[100.02968,14.151468],[100.051187,14.14634],[100.160935,14.146807],[100.174762,14.160132],[100.223073,14.177254],[100.223073,14.177254]]]]}},{"type":"Feature","properties":{"ADM1_EN":"Samut Sakhon","ADM1_TH":"สมุทรสาคร","ADM1_PCODE":"TH74","ADM0_EN":"Thailand","ADM0_TH":"ประเทศไทย"},"geometry":{"type":"MultiPolygon","coordinates":[[[[100.30909,13.721703],[100.333111,13.720838],[100.333652,13.681218],[100.345449,13.644725],[100.376482,13.619703],[100.37852,13.594382],[100.39586,13.55346],[100.415214,13.557152],[100.42009,13.545241],[100.406326,13.535797],[100.408838,13.49339],[100.330143,13.486488],[100.281853,13.506643],[100.260172,13.480507],[100.223184,13.466881],[100.148318,13.448759],[100.078782,13.42533],[100.073287,13.4564],[100.04225,13.503938],[100.028816,13.508577],[100.028973,13.528822],[100.041948,13.536527],[100.045997,13.559314],[100.037222,13.582497],[100.042685,13.593753],[100.03111,13.612614],[100.053916,13.619043],[100.060266,13.660275],[100.105482,13.649253],[100.121767,13.653835],[100.120959,13.679139],[100.156143,13.684225],[100.16359,13.676781],[100.181738,13.688988],[100.189087,13.674011],[100.209767,13.684808],[100.227156,13.672738],[100.270747,13.683396],[100.283719,13.697318],[100.283646,13.714065],[100.30909,13.721703],[100.30909,13.721703]]]]}},{"type":"Feature","properties":{"ADM1_EN":"Samut Songkhram","ADM1_TH":"สมุทรสงคราม","ADM1_PCODE":"TH75","ADM0_EN":"Thailand","ADM0_TH":"ประเทศไทย"},"geometry":{"type":"MultiPolygon","coordinates":[[[[100.011625,13.513594],[100.04225,13.503938],[100.073287,13.4564],[100.078427,13.42484],[100.047738,13.408747],[100.034489,13.372391],[100.022287,13.361566],[100.000028,13.368177],[99.999113,13.333136],[99.954105,13.304586],[99.934048,13.285121],[99.907511,13.277582],[99.908163,13.264272],[99.881479,13.25855],[99.860309,13.244605],[99.852154,13.307944],[99.869739,13.382884],[99.891369,13.432393],[99.889164,13.470097],[99.924323,13.514529],[99.940241,13.499119],[99.960688,13.49746],[99.966574,13.485499],[99.989475,13.501138],[99.994831,13.493891],[100.011625,13.513594],[100.011625,13.513594]]]]}},{"type":"Feature","properties":{"ADM1_EN":"Phetchaburi","ADM1_TH":"เพชรบุรี","ADM1_PCODE":"TH76","ADM0_EN":"Thailand","ADM0_TH":"ประเทศไทย"},"geometry":{"type":"MultiPolygon","coordinates":[[[[99.758688,13.342485],[99.805052,13.329851],[99.810787,13.34025],[99.855771,13.329618],[99.852154,13.307944],[99.860309,13.244605],[99.873317,13.250781],[99.89323,13.244216],[99.881479,13.25855],[99.908163,13.264272],[99.907511,13.277582],[99.952504,13.29662],[99.941276,13.266374],[99.97458,13.245288],[99.998008,13.218654],[100.018503,13.185922],[100.046572,13.172065],[100.068861,13.151911],[100.063114,13.13239],[100.064125,13.08985],[100.084799,13.061175],[100.102041,13.056548],[100.091742,13.036731],[100.044759,12.973961],[100.028652,12.931728],[100.025616,12.895093],[100.000234,12.838083],[99.970915,12.75613],[99.964604,12.728199],[99.96439,12.69383],[99.956113,12.632499],[99.91579,12.625415],[99.90475,12.635977],[99.883633,12.620107],[99.876089,12.626213],[99.840157,12.626202],[99.827749,12.633421],[99.7726,12.612628],[99.752621,12.617135],[99.724851,12.611583],[99.718813,12.601162],[99.692751,12.614008],[99.68435,12.635232],[99.65778,12.633287],[99.647516,12.64257],[99.623011,12.644536],[99.613737,12.618647],[99.628224,12.599674],[99.616879,12.581554],[99.589058,12.570661],[99.577607,12.577966],[99.540893,12.578361],[99.514725,12.563694],[99.498743,12.57342],[99.497363,12.591386],[99.440796,12.581074],[99.412259,12.615418],[99.397252,12.612183],[99.365337,12.626302],[99.343729,12.642419],[99.334009,12.664615],[99.308705,12.667617],[99.294,12.678053],[99.300326,12.689867],[99.29025,12.714048],[99.270295,12.72849],[99.24773,12.719175],[99.227979,12.742661],[99.234484,12.778318],[99.217748,12.828419],[99.211337,12.825796],[99.184957,12.86133],[99.18258,12.911268],[99.165601,12.924379],[99.171945,12.942615],[99.195243,12.956539],[99.187455,12.974991],[99.194991,12.990312],[99.181008,12.992814],[99.145766,13.033352],[99.119839,13.043983],[99.099527,13.072752],[99.117508,13.09552],[99.1297,13.09598],[99.137291,13.150985],[99.116777,13.174713],[99.12322,13.194364],[99.139172,13.205649],[99.164288,13.207883],[99.181395,13.193325],[99.197291,13.193528],[99.210049,13.207412],[99.22776,13.202858],[99.27192,13.148794],[99.324939,13.178546],[99.318699,13.202535],[99.323312,13.222853],[99.336416,13.222035],[99.351238,13.243744],[99.371566,13.220765],[99.406657,13.213147],[99.442483,13.183455],[99.463944,13.183988],[99.47833,13.200517],[99.506663,13.180379],[99.519704,13.208156],[99.574348,13.198477],[99.66429,13.214484],[99.666297,13.286857],[99.684086,13.291502],[99.69937,13.316952],[99.758688,13.342485],[99.758688,13.342485]]]]}},{"type":"Feature","properties":{"ADM1_EN":"Prachuap Khiri Khan","ADM1_TH":"ประจวบคีรีขันธ์","ADM1_PCODE":"TH77","ADM0_EN":"Thailand","ADM0_TH":"ประเทศไทย"},"geometry":{"type":"MultiPolygon","coordinates":[[[[99.563263,11.085123],[99.559608,11.069769],[99.555477,11.073566],[99.563263,11.085123],[99.563263,11.085123]]],[[[99.579213,11.219083],[99.581302,11.216687],[99.579871,11.216177],[99.579213,11.219083],[99.579213,11.219083]]],[[[99.605725,11.401398],[99.605314,11.403325],[99.606498,11.403425],[99.605725,11.401398],[99.605725,11.401398]]],[[[99.789331,11.708739],[99.787954,11.709299],[99.78929,11.711483],[99.789331,11.708739],[99.789331,11.708739]]],[[[99.792161,11.722079],[99.792866,11.720609],[99.791378,11.720651],[99.792161,11.722079],[99.792161,11.722079]]],[[[99.831237,11.761901],[99.834284,11.758237],[99.828914,11.759823],[99.831237,11.761901],[99.831237,11.761901]]],[[[99.810893,11.766026],[99.808448,11.765626],[99.809955,11.768484],[99.810893,11.766026],[99.810893,11.766026]]],[[[99.816513,11.789938],[99.815521,11.791665],[99.81668,11.792244],[99.816513,11.789938],[99.816513,11.789938]]],[[[99.814891,11.792542],[99.815075,11.795788],[99.815864,11.793471],[99.814891,11.792542],[99.814891,11.792542]]],[[[99.823922,11.796643],[99.825255,11.79336],[99.822012,11.793105],[99.823922,11.796643],[99.823922,11.796643]]],[[[99.815014,11.796292],[99.814373,11.798271],[99.816379,11.797875],[99.815014,11.796292],[99.815014,11.796292]]],[[[100.0308,12.205866],[100.027667,12.202271],[100.028578,12.209633],[100.0308,12.205866],[100.0308,12.205866]]],[[[100.009761,12.224262],[100.009281,12.225215],[100.0101,12.225307],[100.009761,12.224262],[100.009761,12.224262]]],[[[100.010053,12.226166],[100.009793,12.226349],[100.010028,12.22675],[100.010053,12.226166],[100.010053,12.226166]]],[[[100.00523,12.232694],[100.005224,12.229543],[100.003536,12.230821],[100.00523,12.232694],[100.00523,12.232694]]],[[[100.008527,12.237944],[100.005665,12.236223],[100.011511,12.249322],[100.008527,12.237944],[100.008527,12.237944]]],[[[99.624238,12.64345],[99.647516,12.64257],[99.65778,12.633287],[99.68435,12.635232],[99.692751,12.614008],[99.718813,12.601162],[99.724851,12.611583],[99.752621,12.617135],[99.7726,12.612628],[99.827749,12.633421],[99.840157,12.626202],[99.876089,12.626213],[99.883633,12.620107],[99.90475,12.635977],[99.91579,12.625415],[99.956113,12.632499],[99.955858,12.587845],[99.964666,12.551788],[99.980213,12.513323],[99.97636,12.470032],[99.984006,12.451037],[99.979715,12.4317],[99.992534,12.410149],[99.999867,12.381131],[99.998075,12.341711],[99.983488,12.307218],[99.974112,12.26638],[99.978796,12.251294],[100.000824,12.228471],[100.002289,12.212625],[100.018899,12.187289],[99.96952,12.134295],[99.961091,12.110871],[99.962912,12.087075],[99.940941,12.079822],[99.866163,11.996751],[99.842597,11.961849],[99.817874,11.906429],[99.816852,11.864832],[99.835515,11.84165],[99.808876,11.832794],[99.798454,11.817744],[99.81406,11.783503],[99.79623,11.772331],[99.810962,11.741193],[99.789253,11.744271],[99.73893,11.698075],[99.689507,11.614342],[99.639024,11.518809],[99.627604,11.470755],[99.611179,11.445029],[99.604973,11.41732],[99.57095,11.3559],[99.555138,11.319676],[99.550427,11.270177],[99.562019,11.230002],[99.580361,11.208638],[99.566707,11.183174],[99.563166,11.201912],[99.540737,11.207488],[99.524865,11.198829],[99.501151,11.172417],[99.488209,11.142675],[99.486104,11.120124],[99.501643,11.039434],[99.499997,10.993445],[99.469674,10.993561],[99.427403,10.971178],[99.406925,10.954767],[99.345141,10.975451],[99.336776,10.964299],[99.321122,10.97071],[99.289338,10.96894],[99.281285,10.958529],[99.21525,10.982671],[99.200015,10.997119],[99.18612,10.99581],[99.147418,11.016815],[99.151978,11.032003],[99.172609,11.045734],[99.178917,11.082185],[99.227613,11.112076],[99.230878,11.143482],[99.252985,11.169281],[99.263671,11.21416],[99.283629,11.244077],[99.306754,11.256328],[99.326018,11.286946],[99.311921,11.317324],[99.34273,11.344551],[99.365352,11.37185],[99.396387,11.383355],[99.404241,11.406016],[99.394473,11.461819],[99.412105,11.466819],[99.419796,11.480742],[99.442867,11.479645],[99.458276,11.494792],[99.448618,11.508309],[99.473458,11.531788],[99.462707,11.549114],[99.467604,11.567386],[99.458343,11.584106],[99.466974,11.612923],[99.483288,11.626885],[99.517735,11.636265],[99.530934,11.621214],[99.565716,11.626758],[99.586322,11.659862],[99.583068,11.679003],[99.617991,11.722636],[99.636235,11.72732],[99.641236,11.778318],[99.659217,11.828607],[99.62482,11.831555],[99.625506,11.848938],[99.600585,11.878222],[99.588269,11.8721],[99.579537,11.903228],[99.586237,11.918468],[99.579533,11.94402],[99.591387,11.951466],[99.592057,11.992714],[99.573918,12.00785],[99.536195,12.015964],[99.540692,12.030037],[99.5334,12.065539],[99.555673,12.093859],[99.555169,12.113435],[99.571064,12.14382],[99.500316,12.143147],[99.491996,12.128208],[99.472414,12.135754],[99.477032,12.163269],[99.486578,12.165864],[99.496321,12.197318],[99.471175,12.234627],[99.481489,12.251743],[99.482688,12.278679],[99.461505,12.286307],[99.46239,12.296769],[99.444627,12.317405],[99.433817,12.343014],[99.443728,12.355629],[99.432571,12.36383],[99.441957,12.401967],[99.424234,12.431075],[99.425007,12.448427],[99.400738,12.45975],[99.406102,12.480821],[99.425173,12.491238],[99.417806,12.525594],[99.423434,12.55651],[99.435045,12.564548],[99.433343,12.583398],[99.455299,12.579188],[99.497363,12.591386],[99.498743,12.57342],[99.514725,12.563694],[99.540893,12.578361],[99.577607,12.577966],[99.589058,12.570661],[99.616879,12.581554],[99.628224,12.599674],[99.613737,12.618647],[99.624238,12.64345],[99.624238,12.64345]]]]}},{"type":"Feature","properties":{"ADM1_EN":"Nakhon Si Thammarat","ADM1_TH":"นครศรีธรรมราช","ADM1_PCODE":"TH80","ADM0_EN":"Thailand","ADM0_TH":"ประเทศไทย"},"geometry":{"type":"MultiPolygon","coordinates":[[[[99.774665,9.313729],[99.824422,9.297752],[99.82999,9.310223],[99.843503,9.293581],[99.848794,9.252921],[99.859898,9.252358],[99.87887,9.218502],[99.873944,9.159017],[99.882061,9.124999],[99.890452,9.12528],[99.909095,9.099066],[99.917051,8.997641],[99.913306,8.945375],[99.916155,8.904795],[99.926842,8.828335],[99.935378,8.789874],[99.936861,8.757272],[99.953005,8.629803],[99.978055,8.586885],[99.994721,8.592051],[100.046951,8.517144],[100.087214,8.414541],[100.098237,8.415093],[100.138493,8.388264],[100.173304,8.388087],[100.152594,8.415239],[100.147343,8.442991],[100.164208,8.484209],[100.148365,8.509871],[100.113433,8.51881],[100.129247,8.52118],[100.167963,8.503791],[100.197207,8.472988],[100.22264,8.422703],[100.246211,8.356876],[100.267322,8.28931],[100.293459,8.181668],[100.336266,7.931413],[100.312009,7.936212],[100.308563,7.914092],[100.26598,7.914668],[100.266311,7.904674],[100.242025,7.886648],[100.139726,7.868502],[100.131307,7.876745],[100.09793,7.875721],[100.071499,7.845599],[100.055957,7.838055],[100.019009,7.845014],[99.966028,7.876586],[99.962412,7.905741],[99.923151,7.864939],[99.883145,7.893489],[99.869329,7.887211],[99.841752,7.891137],[99.819339,7.884004],[99.808378,7.892877],[99.782337,7.87891],[99.759856,7.858323],[99.738247,7.858896],[99.731546,7.888284],[99.740446,7.926631],[99.72654,7.939885],[99.741405,7.952517],[99.756389,7.986571],[99.753082,8.007833],[99.713235,7.990171],[99.698433,7.991121],[99.657668,8.012738],[99.631448,8.009618],[99.615718,7.98766],[99.602742,7.985587],[99.580302,7.944734],[99.571683,7.946782],[99.56259,7.923958],[99.547598,7.918362],[99.53551,7.898544],[99.539312,7.882316],[99.51722,7.876083],[99.508953,7.884864],[99.478948,7.882501],[99.471935,7.904417],[99.427128,7.87542],[99.414271,7.899512],[99.41986,7.920486],[99.397962,7.924573],[99.38403,7.940952],[99.398992,7.95724],[99.39561,7.9816],[99.414968,7.999763],[99.393906,8.054718],[99.382834,8.072467],[99.392822,8.085182],[99.384852,8.143717],[99.363916,8.135962],[99.30455,8.134383],[99.28922,8.15024],[99.289479,8.164441],[99.30839,8.175819],[99.305888,8.187036],[99.322197,8.207579],[99.314432,8.240458],[99.333054,8.257312],[99.331032,8.290467],[99.293818,8.311735],[99.277622,8.347209],[99.239998,8.369929],[99.234491,8.397854],[99.249082,8.410384],[99.259583,8.448343],[99.286252,8.469344],[99.318775,8.475377],[99.3295,8.492863],[99.364583,8.501724],[99.37802,8.516194],[99.394819,8.513079],[99.400895,8.544142],[99.417708,8.552102],[99.413695,8.564143],[99.442494,8.599142],[99.456657,8.607357],[99.44872,8.63178],[99.479149,8.657964],[99.498529,8.68522],[99.49203,8.696908],[99.521881,8.719288],[99.53041,8.751273],[99.523645,8.762118],[99.527619,8.81102],[99.521628,8.845251],[99.55953,8.850875],[99.553471,8.876162],[99.574097,8.892002],[99.576245,8.911059],[99.595991,8.92541],[99.614165,8.927853],[99.620708,8.913778],[99.69641,8.935806],[99.688582,8.959474],[99.694187,8.974578],[99.722442,8.977348],[99.731111,9.006142],[99.744329,9.026893],[99.740672,9.0568],[99.763886,9.071678],[99.771943,9.098837],[99.740734,9.114245],[99.724561,9.112758],[99.73374,9.127135],[99.719881,9.145007],[99.74216,9.180966],[99.739049,9.199617],[99.753256,9.219594],[99.748111,9.263029],[99.771595,9.26089],[99.763259,9.291476],[99.769128,9.322795],[99.774665,9.313729],[99.774665,9.313729]]],[[[99.784331,9.322114],[99.783839,9.322856],[99.785082,9.32338],[99.784331,9.322114],[99.784331,9.322114]]],[[[99.774388,9.325235],[99.782944,9.322846],[99.77611,9.320647],[99.774388,9.325235],[99.774388,9.325235]]]]}},{"type":"Feature","properties":{"ADM1_EN":"Krabi","ADM1_TH":"กระบี่","ADM1_PCODE":"TH81","ADM0_EN":"Thailand","ADM0_TH":"ประเทศไทย"},"geometry":{"type":"MultiPolygon","coordinates":[[[[99.113285,7.489274],[99.112725,7.487987],[99.112378,7.489218],[99.113285,7.489274],[99.113285,7.489274]]],[[[99.12032,7.494241],[99.116837,7.494019],[99.120353,7.499203],[99.12032,7.494241],[99.12032,7.494241]]],[[[99.120224,7.543378],[99.136524,7.533552],[99.125645,7.532174],[99.120224,7.543378],[99.120224,7.543378]]],[[[99.087136,7.544764],[99.086603,7.544974],[99.087012,7.545195],[99.087136,7.544764],[99.087136,7.544764]]],[[[99.089056,7.545562],[99.088996,7.545909],[99.089342,7.545905],[99.089056,7.545562],[99.089056,7.545562]]],[[[99.090165,7.551849],[99.090417,7.550639],[99.088813,7.551324],[99.090165,7.551849],[99.090165,7.551849]]],[[[99.144708,7.558103],[99.141795,7.560067],[99.143549,7.563389],[99.144708,7.558103],[99.144708,7.558103]]],[[[99.096712,7.563683],[99.095005,7.564315],[99.096417,7.564684],[99.096712,7.563683],[99.096712,7.563683]]],[[[99.142921,7.571876],[99.141261,7.572948],[99.140926,7.579815],[99.142921,7.571876],[99.142921,7.571876]]],[[[99.143441,7.593224],[99.14766,7.591047],[99.146799,7.581994],[99.143441,7.593224],[99.143441,7.593224]]],[[[98.863897,7.616972],[98.865377,7.611666],[98.862234,7.616121],[98.863897,7.616972],[98.863897,7.616972]]],[[[99.150827,7.616103],[99.151106,7.608808],[99.147209,7.610407],[99.150827,7.616103],[99.150827,7.616103]]],[[[99.140474,7.640737],[99.150009,7.628149],[99.145498,7.622503],[99.140474,7.640737],[99.140474,7.640737]]],[[[99.192459,7.648594],[99.190579,7.648398],[99.191009,7.65114],[99.192459,7.648594],[99.192459,7.648594]]],[[[98.76606,7.653627],[98.764759,7.655902],[98.766785,7.655118],[98.76606,7.653627],[98.76606,7.653627]]],[[[98.767828,7.658455],[98.767434,7.65721],[98.766816,7.657846],[98.767828,7.658455],[98.767828,7.658455]]],[[[99.137376,7.663862],[99.13831,7.663115],[99.137162,7.662243],[99.137376,7.663862],[99.137376,7.663862]]],[[[98.767322,7.672773],[98.766572,7.672723],[98.766625,7.673614],[98.767322,7.672773],[98.767322,7.672773]]],[[[99.127626,7.673722],[99.127976,7.672305],[99.127017,7.672863],[99.127626,7.673722],[99.127626,7.673722]]],[[[99.184137,7.67435],[99.185214,7.677061],[99.18545,7.675428],[99.184137,7.67435],[99.184137,7.67435]]],[[[99.069867,7.687464],[99.093299,7.67911],[99.110138,7.68601],[99.129349,7.654207],[99.118559,7.62842],[99.124893,7.608869],[99.115755,7.585963],[99.111976,7.601905],[99.080179,7.597908],[99.076369,7.562838],[99.110014,7.49815],[99.10267,7.469944],[99.069702,7.496559],[99.052242,7.526802],[99.030912,7.580767],[99.034165,7.600983],[99.024507,7.644529],[99.041091,7.662248],[99.040161,7.684789],[99.069867,7.687464],[99.069867,7.687464]]],[[[99.199597,7.686137],[99.198556,7.686528],[99.20011,7.688727],[99.199597,7.686137],[99.199597,7.686137]]],[[[99.192761,7.689005],[99.190733,7.68538],[99.186946,7.688744],[99.192761,7.689005],[99.192761,7.689005]]],[[[99.102566,7.689106],[99.10162,7.690133],[99.102814,7.690726],[99.102566,7.689106],[99.102566,7.689106]]],[[[99.2019,7.686518],[99.202519,7.69089],[99.203377,7.687813],[99.2019,7.686518],[99.2019,7.686518]]],[[[99.200941,7.690191],[99.200781,7.691747],[99.201786,7.691123],[99.200941,7.690191],[99.200941,7.690191]]],[[[99.114053,7.688821],[99.111773,7.688655],[99.113124,7.692485],[99.114053,7.688821],[99.114053,7.688821]]],[[[99.204567,7.691282],[99.203696,7.691899],[99.203576,7.693],[99.204567,7.691282],[99.204567,7.691282]]],[[[99.123634,7.693374],[99.123106,7.69464],[99.124225,7.69464],[99.123634,7.693374],[99.123634,7.693374]]],[[[98.77112,7.681467],[98.761318,7.682297],[98.765953,7.695807],[98.77112,7.681467],[98.77112,7.681467]]],[[[99.119179,7.696478],[99.112136,7.713215],[99.1171,7.711284],[99.119179,7.696478],[99.119179,7.696478]]],[[[99.116714,7.719497],[99.115684,7.721312],[99.117338,7.722649],[99.116714,7.719497],[99.116714,7.719497]]],[[[99.148003,7.737441],[99.146673,7.738058],[99.147158,7.738698],[99.148003,7.737441],[99.148003,7.737441]]],[[[99.121663,7.737424],[99.121248,7.739704],[99.121867,7.740239],[99.121663,7.737424],[99.121663,7.737424]]],[[[99.141563,7.739429],[99.140606,7.740367],[99.141458,7.740963],[99.141563,7.739429],[99.141563,7.739429]]],[[[99.152387,7.739613],[99.151784,7.741674],[99.153227,7.74076],[99.152387,7.739613],[99.152387,7.739613]]],[[[99.126021,7.741552],[99.125088,7.742248],[99.125765,7.742178],[99.126021,7.741552],[99.126021,7.741552]]],[[[99.130837,7.732996],[99.122171,7.737249],[99.124166,7.742516],[99.130837,7.732996],[99.130837,7.732996]]],[[[99.135535,7.743156],[99.135344,7.742085],[99.134836,7.743002],[99.135535,7.743156],[99.135535,7.743156]]],[[[99.123079,7.741611],[99.121788,7.741766],[99.123084,7.74415],[99.123079,7.741611],[99.123079,7.741611]]],[[[99.135004,7.744228],[99.133318,7.744164],[99.134513,7.745741],[99.135004,7.744228],[99.135004,7.744228]]],[[[99.129552,7.741887],[99.125872,7.743754],[99.126428,7.749325],[99.129552,7.741887],[99.129552,7.741887]]],[[[99.136963,7.743694],[99.136463,7.750504],[99.13802,7.74715],[99.136963,7.743694],[99.136963,7.743694]]],[[[99.128442,7.751902],[99.128524,7.756154],[99.129943,7.754426],[99.128442,7.751902],[99.128442,7.751902]]],[[[99.13215,7.74414],[99.129844,7.758181],[99.134347,7.751643],[99.13215,7.74414],[99.13215,7.74414]]],[[[98.758653,7.761882],[98.758136,7.762288],[98.75839,7.762891],[98.758653,7.761882],[98.758653,7.761882]]],[[[98.983003,7.777281],[98.984786,7.776717],[98.982104,7.775824],[98.983003,7.777281],[98.983003,7.777281]]],[[[98.78872,7.74431],[98.786741,7.724844],[98.767459,7.737092],[98.770698,7.717503],[98.75619,7.731715],[98.76912,7.7479],[98.758469,7.765112],[98.761201,7.78536],[98.78872,7.74431],[98.78872,7.74431]]],[[[98.779269,7.789378],[98.779344,7.788677],[98.778939,7.78898],[98.779269,7.789378],[98.779269,7.789378]]],[[[98.780206,7.790776],[98.779499,7.790924],[98.779686,7.791324],[98.780206,7.790776],[98.780206,7.790776]]],[[[98.7818,7.791105],[98.781158,7.79176],[98.781843,7.791601],[98.7818,7.791105],[98.7818,7.791105]]],[[[98.778813,7.791554],[98.777852,7.791686],[98.778463,7.791997],[98.778813,7.791554],[98.778813,7.791554]]],[[[98.781002,7.792471],[98.780561,7.792635],[98.780776,7.793306],[98.781002,7.792471],[98.781002,7.792471]]],[[[99.025318,7.791419],[99.023665,7.795023],[99.026247,7.794242],[99.025318,7.791419],[99.025318,7.791419]]],[[[98.997263,7.792069],[98.993211,7.801395],[98.996976,7.803785],[98.997263,7.792069],[98.997263,7.792069]]],[[[98.992324,7.805085],[98.98809,7.808779],[98.993908,7.806501],[98.992324,7.805085],[98.992324,7.805085]]],[[[98.773934,7.821488],[98.774453,7.81542],[98.772141,7.815457],[98.773934,7.821488],[98.773934,7.821488]]],[[[98.793118,7.822209],[98.798788,7.811338],[98.791661,7.810724],[98.793118,7.822209],[98.793118,7.822209]]],[[[99.017013,7.82734],[99.016354,7.828409],[99.017448,7.828785],[99.017013,7.82734],[99.017013,7.82734]]],[[[99.01993,7.824914],[99.017784,7.826259],[99.020734,7.828864],[99.01993,7.824914],[99.01993,7.824914]]],[[[99.022176,7.834862],[99.015145,7.829553],[99.016077,7.834632],[99.022176,7.834862],[99.022176,7.834862]]],[[[99.030312,7.83521],[99.029771,7.836055],[99.030109,7.836117],[99.030312,7.83521],[99.030312,7.83521]]],[[[98.994104,7.820463],[98.982549,7.828167],[98.991594,7.842785],[98.994104,7.820463],[98.994104,7.820463]]],[[[98.983904,7.843707],[98.980352,7.846593],[98.986313,7.846206],[98.983904,7.843707],[98.983904,7.843707]]],[[[99.058296,7.85505],[99.051535,7.853253],[99.052501,7.85672],[99.058296,7.85505],[99.058296,7.85505]]],[[[98.956555,7.857743],[98.972254,7.85329],[98.98577,7.818632],[98.985353,7.782966],[98.954432,7.827466],[98.93521,7.8446],[98.956555,7.857743],[98.956555,7.857743]]],[[[99.040864,7.855641],[99.040915,7.858129],[99.042385,7.85793],[99.040864,7.855641],[99.040864,7.855641]]],[[[99.044617,7.866278],[99.042438,7.869329],[99.049301,7.868489],[99.044617,7.866278],[99.044617,7.866278]]],[[[99.051218,7.875074],[99.051003,7.875366],[99.051297,7.875566],[99.051218,7.875074],[99.051218,7.875074]]],[[[99.047092,7.879203],[99.048231,7.876835],[99.039475,7.8784],[99.047092,7.879203],[99.047092,7.879203]]],[[[99.050878,7.881185],[99.050328,7.880716],[99.049524,7.881381],[99.050878,7.881185],[99.050878,7.881185]]],[[[99.022416,7.884092],[99.036301,7.868602],[99.03095,7.840523],[99.015147,7.83641],[99.002586,7.873905],[99.022416,7.884092],[99.022416,7.884092]]],[[[98.948153,7.88087],[98.946337,7.882758],[98.947386,7.88659],[98.948153,7.88087],[98.948153,7.88087]]],[[[99.016811,7.887024],[99.016729,7.885452],[99.014584,7.886559],[99.016811,7.887024],[99.016811,7.887024]]],[[[99.054642,7.883712],[99.044251,7.882914],[99.057312,7.893232],[99.054642,7.883712],[99.054642,7.883712]]],[[[99.012129,7.902852],[98.996579,7.924874],[99.007427,7.919396],[99.012129,7.902852],[99.012129,7.902852]]],[[[98.803686,7.926477],[98.802916,7.925692],[98.802794,7.926538],[98.803686,7.926477],[98.803686,7.926477]]],[[[98.987829,7.926698],[99.000885,7.898902],[98.988874,7.850838],[98.97072,7.905883],[98.970129,7.925606],[98.987829,7.926698],[98.987829,7.926698]]],[[[98.804857,7.931025],[98.805777,7.929216],[98.804487,7.928865],[98.804857,7.931025],[98.804857,7.931025]]],[[[98.778363,7.94743],[98.778253,7.946549],[98.776849,7.946403],[98.778363,7.94743],[98.778363,7.94743]]],[[[98.798072,7.949079],[98.797683,7.946562],[98.796667,7.948539],[98.798072,7.949079],[98.798072,7.949079]]],[[[98.811196,7.949307],[98.81021,7.948091],[98.810408,7.949441],[98.811196,7.949307],[98.811196,7.949307]]],[[[98.778723,7.947528],[98.779099,7.949646],[98.77982,7.948537],[98.778723,7.947528],[98.778723,7.947528]]],[[[98.792257,7.949871],[98.792234,7.950799],[98.793669,7.951062],[98.792257,7.949871],[98.792257,7.949871]]],[[[98.789703,7.954832],[98.789545,7.955679],[98.790253,7.955716],[98.789703,7.954832],[98.789703,7.954832]]],[[[98.788025,7.95527],[98.788003,7.956495],[98.788607,7.955689],[98.788025,7.95527],[98.788025,7.95527]]],[[[98.810549,7.957405],[98.807829,7.948568],[98.802998,7.953739],[98.810549,7.957405],[98.810549,7.957405]]],[[[98.812023,7.960316],[98.810615,7.959749],[98.811806,7.961153],[98.812023,7.960316],[98.812023,7.960316]]],[[[98.810223,7.960549],[98.809186,7.960913],[98.810516,7.961279],[98.810223,7.960549],[98.810223,7.960549]]],[[[98.812765,7.974538],[98.806036,7.968009],[98.804576,7.971545],[98.812765,7.974538],[98.812765,7.974538]]],[[[98.809551,7.976567],[98.807615,7.977749],[98.808579,7.978319],[98.809551,7.976567],[98.809551,7.976567]]],[[[98.822602,7.994022],[98.822011,7.992987],[98.821281,7.993907],[98.822602,7.994022],[98.822602,7.994022]]],[[[98.834646,8.003302],[98.834049,8.003783],[98.835394,8.00454],[98.834646,8.003302],[98.834646,8.003302]]],[[[98.836002,8.00439],[98.835473,8.004915],[98.836373,8.005259],[98.836002,8.00439],[98.836002,8.00439]]],[[[98.906771,8.028991],[98.90574,8.030306],[98.907642,8.030302],[98.906771,8.028991],[98.906771,8.028991]]],[[[98.782572,8.031374],[98.780694,8.031263],[98.782426,8.033634],[98.782572,8.031374],[98.782572,8.031374]]],[[[98.782853,8.036155],[98.781963,8.037742],[98.782935,8.037599],[98.782853,8.036155],[98.782853,8.036155]]],[[[98.798127,8.039631],[98.797375,8.040126],[98.798167,8.04109],[98.798127,8.039631],[98.798127,8.039631]]],[[[98.795791,8.039951],[98.795562,8.04153],[98.796126,8.041276],[98.795791,8.039951],[98.795791,8.039951]]],[[[98.797334,8.042093],[98.796904,8.042601],[98.797508,8.043404],[98.797334,8.042093],[98.797334,8.042093]]],[[[98.793843,8.043148],[98.793292,8.043897],[98.793977,8.043683],[98.793843,8.043148],[98.793843,8.043148]]],[[[98.67644,8.048329],[98.675693,8.049596],[98.676556,8.04941],[98.67644,8.048329],[98.67644,8.048329]]],[[[98.747815,8.052259],[98.746852,8.05306],[98.748068,8.054129],[98.747815,8.052259],[98.747815,8.052259]]],[[[98.678004,8.081207],[98.683199,8.079888],[98.677781,8.073134],[98.678004,8.081207],[98.678004,8.081207]]],[[[98.688197,8.088284],[98.686075,8.08879],[98.686613,8.090325],[98.688197,8.088284],[98.688197,8.088284]]],[[[98.679916,8.097155],[98.679987,8.098407],[98.680886,8.098352],[98.679916,8.097155],[98.679916,8.097155]]],[[[98.691695,8.101742],[98.694848,8.100401],[98.68862,8.098773],[98.691695,8.101742],[98.691695,8.101742]]],[[[98.68288,8.105326],[98.683832,8.104949],[98.682298,8.101118],[98.68288,8.105326],[98.68288,8.105326]]],[[[98.688932,8.104724],[98.687578,8.10822],[98.69024,8.107271],[98.688932,8.104724],[98.688932,8.104724]]],[[[98.708034,8.108321],[98.709952,8.105069],[98.70441,8.106908],[98.708034,8.108321],[98.708034,8.108321]]],[[[98.708921,8.111679],[98.706162,8.111907],[98.709109,8.114167],[98.708921,8.111679],[98.708921,8.111679]]],[[[98.661836,8.116148],[98.661163,8.114589],[98.660193,8.116173],[98.661836,8.116148],[98.661836,8.116148]]],[[[98.661808,8.119111],[98.66169,8.118403],[98.660285,8.118658],[98.661808,8.119111],[98.661808,8.119111]]],[[[98.676946,8.116054],[98.674199,8.118225],[98.680573,8.120814],[98.676946,8.116054],[98.676946,8.116054]]],[[[98.669997,8.121765],[98.670974,8.12574],[98.672787,8.122551],[98.669997,8.121765],[98.669997,8.121765]]],[[[98.669431,8.12644],[98.668624,8.127057],[98.669768,8.127375],[98.669431,8.12644],[98.669431,8.12644]]],[[[98.687461,8.129729],[98.686203,8.127832],[98.683879,8.128627],[98.687461,8.129729],[98.687461,8.129729]]],[[[98.717662,8.146081],[98.716716,8.142439],[98.715603,8.144625],[98.717662,8.146081],[98.717662,8.146081]]],[[[98.736177,8.175004],[98.73375,8.175355],[98.735607,8.177414],[98.736177,8.175004],[98.736177,8.175004]]],[[[98.729639,8.179369],[98.729019,8.179608],[98.729499,8.17971],[98.729639,8.179369],[98.729639,8.179369]]],[[[98.723858,8.182667],[98.723368,8.18149],[98.72249,8.183214],[98.723858,8.182667],[98.723858,8.182667]]],[[[98.732113,8.183457],[98.729612,8.183573],[98.729728,8.184801],[98.732113,8.183457],[98.732113,8.183457]]],[[[98.727546,8.19012],[98.726278,8.190203],[98.726941,8.19161],[98.727546,8.19012],[98.727546,8.19012]]],[[[98.726015,8.194738],[98.725556,8.195892],[98.726129,8.19538],[98.726015,8.194738],[98.726015,8.194738]]],[[[98.7276,8.195999],[98.727278,8.196588],[98.727624,8.196571],[98.7276,8.195999],[98.7276,8.195999]]],[[[98.690511,8.203641],[98.688121,8.203458],[98.691672,8.205746],[98.690511,8.203641],[98.690511,8.203641]]],[[[98.692047,8.206701],[98.689943,8.208907],[98.691432,8.210016],[98.692047,8.206701],[98.692047,8.206701]]],[[[98.73036,8.208434],[98.729121,8.212775],[98.730979,8.210888],[98.73036,8.208434],[98.73036,8.208434]]],[[[98.687745,8.209563],[98.688275,8.213698],[98.688972,8.212312],[98.687745,8.209563],[98.687745,8.209563]]],[[[98.695134,8.215702],[98.695159,8.21604],[98.695403,8.215965],[98.695134,8.215702],[98.695134,8.215702]]],[[[98.726782,8.218336],[98.727088,8.21879],[98.727198,8.218485],[98.726782,8.218336],[98.726782,8.218336]]],[[[98.725686,8.218919],[98.727932,8.216501],[98.724565,8.214913],[98.725686,8.218919],[98.725686,8.218919]]],[[[98.731078,8.219257],[98.731948,8.215822],[98.728221,8.216815],[98.731078,8.219257],[98.731078,8.219257]]],[[[98.730224,8.225705],[98.729061,8.226912],[98.730031,8.22668],[98.730224,8.225705],[98.730224,8.225705]]],[[[98.729813,8.227729],[98.728868,8.228303],[98.729411,8.228371],[98.729813,8.227729],[98.729813,8.227729]]],[[[98.733366,8.229738],[98.733003,8.229849],[98.73327,8.230203],[98.733366,8.229738],[98.733366,8.229738]]],[[[98.731344,8.230748],[98.730677,8.231183],[98.731506,8.231302],[98.731344,8.230748],[98.731344,8.230748]]],[[[98.635497,8.231688],[98.635447,8.232142],[98.635695,8.231895],[98.635497,8.231688],[98.635497,8.231688]]],[[[98.635646,8.23039],[98.634634,8.230744],[98.634683,8.23215],[98.635646,8.23039],[98.635646,8.23039]]],[[[98.704077,8.232728],[98.703959,8.23304],[98.704173,8.233036],[98.704077,8.232728],[98.704077,8.232728]]],[[[98.613087,8.235195],[98.613041,8.234143],[98.612462,8.234454],[98.613087,8.235195],[98.613087,8.235195]]],[[[98.709909,8.237248],[98.707068,8.236831],[98.708017,8.238353],[98.709909,8.237248],[98.709909,8.237248]]],[[[98.638868,8.242487],[98.638807,8.24217],[98.638472,8.242456],[98.638868,8.242487],[98.638868,8.242487]]],[[[98.614124,8.241236],[98.611598,8.244734],[98.614113,8.243518],[98.614124,8.241236],[98.614124,8.241236]]],[[[98.642035,8.246678],[98.642614,8.246332],[98.64209,8.245858],[98.642035,8.246678],[98.642035,8.246678]]],[[[98.706603,8.242004],[98.703415,8.24637],[98.70632,8.244436],[98.706603,8.242004],[98.706603,8.242004]]],[[[98.637647,8.245016],[98.643863,8.243823],[98.641978,8.231314],[98.637647,8.245016],[98.637647,8.245016]]],[[[98.637429,8.248884],[98.637741,8.248155],[98.636628,8.248645],[98.637429,8.248884],[98.637429,8.248884]]],[[[98.6415,8.249065],[98.640682,8.249474],[98.641228,8.250049],[98.6415,8.249065],[98.6415,8.249065]]],[[[98.638649,8.25229],[98.638065,8.251941],[98.638508,8.252795],[98.638649,8.25229],[98.638649,8.25229]]],[[[98.634137,8.274165],[98.63334,8.274966],[98.634495,8.275094],[98.634137,8.274165],[98.634137,8.274165]]],[[[98.629289,8.278144],[98.629125,8.278767],[98.629896,8.278532],[98.629289,8.278144],[98.629289,8.278144]]],[[[98.620612,8.289185],[98.633641,8.254035],[98.625104,8.264021],[98.620612,8.289185],[98.620612,8.289185]]],[[[98.61748,8.293629],[98.618917,8.291111],[98.616678,8.292558],[98.61748,8.293629],[98.61748,8.293629]]],[[[98.88801,8.681253],[98.902405,8.632503],[98.919733,8.61479],[98.916691,8.601642],[98.937785,8.577966],[98.931915,8.550848],[98.941704,8.53298],[98.950794,8.492051],[98.938766,8.443068],[98.948122,8.422564],[98.972062,8.418668],[98.974791,8.409868],[99.036116,8.362281],[99.123344,8.366534],[99.150885,8.359563],[99.178569,8.371948],[99.201777,8.362698],[99.209647,8.335985],[99.231691,8.317872],[99.263941,8.300801],[99.299604,8.315143],[99.315657,8.295805],[99.331032,8.290467],[99.333054,8.257312],[99.313476,8.233373],[99.319473,8.196594],[99.30839,8.175819],[99.289479,8.164441],[99.288374,8.150996],[99.30455,8.134383],[99.363916,8.135962],[99.384852,8.143717],[99.392822,8.085182],[99.382834,8.072467],[99.393906,8.054718],[99.414968,7.999763],[99.39561,7.9816],[99.398992,7.95724],[99.38403,7.940952],[99.369807,7.946577],[99.355652,7.932418],[99.333775,7.928792],[99.338273,7.913115],[99.332044,7.883031],[99.314825,7.865774],[99.287517,7.859116],[99.278167,7.846365],[99.294202,7.825098],[99.287147,7.810055],[99.303221,7.808189],[99.28901,7.762441],[99.30553,7.756],[99.312723,7.729178],[99.309659,7.705697],[99.297385,7.687629],[99.270799,7.67414],[99.259475,7.657362],[99.236066,7.677911],[99.213176,7.679272],[99.196553,7.670998],[99.206397,7.689218],[99.176796,7.706199],[99.170641,7.726989],[99.146996,7.740339],[99.130213,7.76004],[99.115787,7.760164],[99.107585,7.706808],[99.084145,7.690535],[99.041416,7.702929],[99.024859,7.746242],[99.022456,7.785611],[99.031202,7.79664],[99.018245,7.817025],[99.043541,7.834118],[99.047855,7.852822],[99.065324,7.855248],[99.069677,7.874051],[99.059084,7.877149],[99.063779,7.905156],[99.026451,7.889871],[99.015036,7.925807],[98.993526,7.940389],[98.972504,7.932523],[98.946198,7.97797],[98.943829,7.993584],[98.957813,7.999969],[98.912805,8.045216],[98.885036,8.022064],[98.859063,8.027594],[98.843441,8.001719],[98.814438,8.037181],[98.798997,8.046502],[98.765326,8.036414],[98.748893,8.054942],[98.739965,8.077967],[98.74823,8.121427],[98.757287,8.129997],[98.740969,8.141874],[98.751473,8.182456],[98.727984,8.247139],[98.716328,8.22051],[98.719132,8.264141],[98.706063,8.288013],[98.710897,8.313377],[98.682873,8.302957],[98.650132,8.273166],[98.627535,8.283225],[98.625657,8.313003],[98.636954,8.329581],[98.635432,8.375373],[98.659087,8.381097],[98.645146,8.415597],[98.663201,8.42526],[98.665433,8.46594],[98.650879,8.478253],[98.66221,8.490524],[98.681151,8.53742],[98.691064,8.576007],[98.707411,8.596373],[98.701474,8.622663],[98.723189,8.630812],[98.747643,8.67511],[98.768221,8.673869],[98.786745,8.650894],[98.839546,8.677349],[98.88801,8.681253],[98.88801,8.681253]]]]}},{"type":"Feature","properties":{"ADM1_EN":"Phangnga","ADM1_TH":"พังงา","ADM1_PCODE":"TH82","ADM0_EN":"Thailand","ADM0_TH":"ประเทศไทย"},"geometry":{"type":"MultiPolygon","coordinates":[[[[98.614714,7.74431],[98.612982,7.746241],[98.614592,7.747587],[98.614714,7.74431],[98.614714,7.74431]]],[[[98.530672,7.79645],[98.530413,7.799006],[98.531382,7.797361],[98.530672,7.79645],[98.530672,7.79645]]],[[[98.515243,7.890922],[98.512482,7.892904],[98.515221,7.892887],[98.515243,7.890922],[98.515243,7.890922]]],[[[98.583399,7.89354],[98.582351,7.887862],[98.579935,7.892847],[98.583399,7.89354],[98.583399,7.89354]]],[[[98.511595,7.896982],[98.510763,7.896818],[98.510611,7.898119],[98.511595,7.896982],[98.511595,7.896982]]],[[[98.547818,7.906689],[98.547913,7.908091],[98.54995,7.90819],[98.547818,7.906689],[98.547818,7.906689]]],[[[98.514303,7.950632],[98.513315,7.954161],[98.516603,7.960005],[98.514303,7.950632],[98.514303,7.950632]]],[[[98.567564,7.997597],[98.567194,7.99457],[98.56458,7.99641],[98.567564,7.997597],[98.567564,7.997597]]],[[[98.625228,8.036899],[98.622318,8.036853],[98.623637,8.041309],[98.625228,8.036899],[98.625228,8.036899]]],[[[98.622969,8.04292],[98.622685,8.04357],[98.622926,8.043727],[98.622969,8.04292],[98.622969,8.04292]]],[[[98.627835,8.08069],[98.626947,8.078222],[98.626186,8.080961],[98.627835,8.08069],[98.627835,8.08069]]],[[[98.530034,8.114679],[98.556671,8.087646],[98.593437,8.072969],[98.594945,8.058122],[98.610386,8.043878],[98.601815,8.033868],[98.603661,7.991397],[98.612782,7.979725],[98.61157,7.945188],[98.597029,7.888437],[98.589124,7.91542],[98.580402,7.912878],[98.564699,7.960094],[98.568322,7.992564],[98.580347,7.990888],[98.583941,8.008894],[98.564983,8.032553],[98.554592,8.026629],[98.527669,8.089938],[98.530034,8.114679],[98.530034,8.114679]]],[[[98.454638,8.116119],[98.45125,8.116262],[98.454397,8.11834],[98.454638,8.116119],[98.454638,8.116119]]],[[[98.560721,8.119719],[98.559489,8.121845],[98.561998,8.122108],[98.560721,8.119719],[98.560721,8.119719]]],[[[98.563068,8.12366],[98.562067,8.124076],[98.562026,8.124915],[98.563068,8.12366],[98.563068,8.12366]]],[[[98.429,8.127767],[98.429242,8.129194],[98.429603,8.1291],[98.429,8.127767],[98.429,8.127767]]],[[[98.445002,8.12925],[98.447211,8.121616],[98.441872,8.125846],[98.445002,8.12925],[98.445002,8.12925]]],[[[98.626691,8.131097],[98.62622,8.13134],[98.626237,8.132174],[98.626691,8.131097],[98.626691,8.131097]]],[[[98.41023,8.143759],[98.409379,8.144729],[98.410905,8.144896],[98.41023,8.143759],[98.41023,8.143759]]],[[[98.578263,8.146455],[98.576588,8.149683],[98.577727,8.150373],[98.578263,8.146455],[98.578263,8.146455]]],[[[98.535353,8.156146],[98.555655,8.137671],[98.557059,8.126161],[98.535638,8.144143],[98.535353,8.156146],[98.535353,8.156146]]],[[[98.409884,8.158797],[98.412876,8.149905],[98.410206,8.149471],[98.409884,8.158797],[98.409884,8.158797]]],[[[98.541032,8.157391],[98.540105,8.159431],[98.541659,8.158369],[98.541032,8.157391],[98.541032,8.157391]]],[[[98.409445,8.159155],[98.407923,8.16033],[98.409984,8.162397],[98.409445,8.159155],[98.409445,8.159155]]],[[[98.543547,8.163564],[98.541378,8.16417],[98.542518,8.16543],[98.543547,8.163564],[98.543547,8.163564]]],[[[98.49533,8.180399],[98.494965,8.180658],[98.495257,8.180981],[98.49533,8.180399],[98.49533,8.180399]]],[[[98.53906,8.167337],[98.534493,8.173306],[98.537515,8.185687],[98.53906,8.167337],[98.53906,8.167337]]],[[[98.635669,8.186325],[98.632829,8.138464],[98.617649,8.080378],[98.609265,8.095855],[98.578531,8.102296],[98.562362,8.119515],[98.578604,8.11461],[98.592426,8.126987],[98.600953,8.154709],[98.628056,8.186291],[98.635669,8.186325],[98.635669,8.186325]]],[[[98.663558,8.187485],[98.663277,8.187532],[98.663349,8.187694],[98.663558,8.187485],[98.663558,8.187485]]],[[[98.664272,8.187613],[98.663878,8.18684],[98.663863,8.187794],[98.664272,8.187613],[98.664272,8.187613]]],[[[98.661824,8.18708],[98.661755,8.187777],[98.662164,8.188128],[98.661824,8.18708],[98.661824,8.18708]]],[[[98.611444,8.196057],[98.614706,8.19498],[98.611864,8.19077],[98.611444,8.196057],[98.611444,8.196057]]],[[[98.509357,8.195099],[98.508031,8.19646],[98.509249,8.196786],[98.509357,8.195099],[98.509357,8.195099]]],[[[98.633579,8.194609],[98.631574,8.197273],[98.632953,8.197751],[98.633579,8.194609],[98.633579,8.194609]]],[[[98.638104,8.199899],[98.638841,8.19018],[98.634211,8.19444],[98.638104,8.199899],[98.638104,8.199899]]],[[[98.491529,8.201008],[98.49545,8.175242],[98.485963,8.183648],[98.491529,8.201008],[98.491529,8.201008]]],[[[98.509863,8.200779],[98.509426,8.205728],[98.51134,8.205309],[98.509863,8.200779],[98.509863,8.200779]]],[[[98.592717,8.208066],[98.590483,8.220061],[98.593299,8.220553],[98.592717,8.208066],[98.592717,8.208066]]],[[[98.507474,8.225359],[98.509199,8.2082],[98.504542,8.214606],[98.507474,8.225359],[98.507474,8.225359]]],[[[98.500838,8.226985],[98.501222,8.221094],[98.498648,8.222265],[98.500838,8.226985],[98.500838,8.226985]]],[[[98.477119,8.228046],[98.476339,8.231335],[98.478202,8.231091],[98.477119,8.228046],[98.477119,8.228046]]],[[[98.476784,8.232743],[98.476108,8.235221],[98.477212,8.235563],[98.476784,8.232743],[98.476784,8.232743]]],[[[98.501572,8.239347],[98.504662,8.237194],[98.506537,8.229054],[98.501572,8.239347],[98.501572,8.239347]]],[[[98.47806,8.238824],[98.477819,8.239498],[98.478266,8.239403],[98.47806,8.238824],[98.47806,8.238824]]],[[[98.504635,8.237459],[98.504212,8.24067],[98.505004,8.238992],[98.504635,8.237459],[98.504635,8.237459]]],[[[98.464073,8.241016],[98.463612,8.241093],[98.464105,8.241806],[98.464073,8.241016],[98.464073,8.241016]]],[[[98.494186,8.242682],[98.492369,8.24285],[98.492416,8.245814],[98.494186,8.242682],[98.494186,8.242682]]],[[[98.479054,8.245786],[98.477475,8.247835],[98.479027,8.247738],[98.479054,8.245786],[98.479054,8.245786]]],[[[98.49585,8.246881],[98.494976,8.246644],[98.494536,8.248719],[98.49585,8.246881],[98.49585,8.246881]]],[[[98.494519,8.250378],[98.492958,8.251191],[98.493392,8.252403],[98.494519,8.250378],[98.494519,8.250378]]],[[[98.473191,8.252721],[98.474347,8.249095],[98.464403,8.243722],[98.473191,8.252721],[98.473191,8.252721]]],[[[98.511851,8.256455],[98.510838,8.254342],[98.510721,8.256721],[98.511851,8.256455],[98.511851,8.256455]]],[[[98.508265,8.256336],[98.507661,8.25743],[98.508553,8.258242],[98.508265,8.256336],[98.508265,8.256336]]],[[[98.472563,8.256494],[98.472496,8.2584],[98.473059,8.257282],[98.472563,8.256494],[98.472563,8.256494]]],[[[98.505228,8.259285],[98.504272,8.260758],[98.50534,8.262046],[98.505228,8.259285],[98.505228,8.259285]]],[[[98.493307,8.261823],[98.493362,8.263497],[98.494529,8.262717],[98.493307,8.261823],[98.493307,8.261823]]],[[[98.490477,8.268711],[98.491818,8.265742],[98.486738,8.267798],[98.490477,8.268711],[98.490477,8.268711]]],[[[98.45902,8.269607],[98.45694,8.270876],[98.458087,8.273352],[98.45902,8.269607],[98.45902,8.269607]]],[[[98.474195,8.274225],[98.473651,8.275123],[98.474594,8.275649],[98.474195,8.274225],[98.474195,8.274225]]],[[[98.502268,8.27484],[98.499507,8.273529],[98.501406,8.276136],[98.502268,8.27484],[98.502268,8.27484]]],[[[98.457481,8.277129],[98.457302,8.276169],[98.455865,8.277419],[98.457481,8.277129],[98.457481,8.277129]]],[[[98.484932,8.2712],[98.479934,8.27055],[98.481806,8.280502],[98.484932,8.2712],[98.484932,8.2712]]],[[[98.594889,8.291093],[98.575085,8.279893],[98.577926,8.288817],[98.594889,8.291093],[98.594889,8.291093]]],[[[98.47081,8.303143],[98.470131,8.30325],[98.469714,8.30506],[98.47081,8.303143],[98.47081,8.303143]]],[[[98.497459,8.277],[98.485586,8.28593],[98.489713,8.30613],[98.497459,8.277],[98.497459,8.277]]],[[[98.50031,8.302751],[98.497018,8.299435],[98.495629,8.305352],[98.50031,8.302751],[98.50031,8.302751]]],[[[98.480694,8.295417],[98.478347,8.305669],[98.480511,8.307254],[98.480694,8.295417],[98.480694,8.295417]]],[[[98.516104,8.310659],[98.515993,8.311014],[98.516394,8.311209],[98.516104,8.310659],[98.516104,8.310659]]],[[[98.516954,8.313192],[98.517618,8.31251],[98.516653,8.312105],[98.516954,8.313192],[98.516954,8.313192]]],[[[98.491392,8.309603],[98.487924,8.313323],[98.493923,8.313153],[98.491392,8.309603],[98.491392,8.309603]]],[[[98.503656,8.337477],[98.503731,8.333216],[98.501816,8.336703],[98.503656,8.337477],[98.503656,8.337477]]],[[[98.618757,8.350332],[98.617104,8.350079],[98.61667,8.353008],[98.618757,8.350332],[98.618757,8.350332]]],[[[98.612895,8.352275],[98.610862,8.353806],[98.613054,8.35519],[98.612895,8.352275],[98.612895,8.352275]]],[[[98.577993,8.356195],[98.576298,8.357795],[98.576935,8.359216],[98.577993,8.356195],[98.577993,8.356195]]],[[[98.60844,8.360554],[98.606881,8.357634],[98.606801,8.360448],[98.60844,8.360554],[98.60844,8.360554]]],[[[98.605849,8.361542],[98.605385,8.361519],[98.605911,8.362499],[98.605849,8.361542],[98.605849,8.361542]]],[[[97.643399,8.485795],[97.653979,8.478301],[97.649404,8.475314],[97.643399,8.485795],[97.643399,8.485795]]],[[[97.646062,8.494419],[97.636423,8.507849],[97.648278,8.497308],[97.646062,8.494419],[97.646062,8.494419]]],[[[97.655774,8.515289],[97.654001,8.516389],[97.655554,8.516694],[97.655774,8.515289],[97.655774,8.515289]]],[[[97.643783,8.572454],[97.645437,8.570479],[97.64271,8.571226],[97.643783,8.572454],[97.643783,8.572454]]],[[[97.632279,8.573506],[97.640067,8.570707],[97.63856,8.560171],[97.632279,8.573506],[97.632279,8.573506]]],[[[97.639921,8.591767],[97.63538,8.588218],[97.635683,8.596541],[97.639921,8.591767],[97.639921,8.591767]]],[[[97.646851,8.668201],[97.653352,8.630412],[97.637094,8.659919],[97.646851,8.668201],[97.646851,8.668201]]],[[[97.648496,8.681646],[97.652185,8.674613],[97.640872,8.678594],[97.648496,8.681646],[97.648496,8.681646]]],[[[97.803705,8.817015],[97.801893,8.828283],[97.808363,8.822916],[97.803705,8.817015],[97.803705,8.817015]]],[[[98.299961,8.941359],[98.299841,8.942495],[98.300692,8.94169],[98.299961,8.941359],[98.299961,8.941359]]],[[[98.325011,8.977729],[98.326315,8.983179],[98.326876,8.979556],[98.325011,8.977729],[98.325011,8.977729]]],[[[98.348719,8.986039],[98.342189,8.988932],[98.340198,8.993286],[98.348719,8.986039],[98.348719,8.986039]]],[[[98.264695,9.015104],[98.308663,8.998436],[98.323842,8.984123],[98.310068,8.949273],[98.286964,8.920435],[98.283652,8.897525],[98.266431,8.864103],[98.262231,8.892048],[98.248461,8.915808],[98.260957,8.93856],[98.260738,8.97716],[98.247512,9.007142],[98.264695,9.015104],[98.264695,9.015104]]],[[[98.377254,9.018826],[98.375859,9.021059],[98.378574,9.021986],[98.377254,9.018826],[98.377254,9.018826]]],[[[98.393822,9.031634],[98.392925,9.031268],[98.389584,9.031443],[98.393822,9.031634],[98.393822,9.031634]]],[[[98.360543,9.072274],[98.359917,9.073093],[98.361191,9.074714],[98.360543,9.072274],[98.360543,9.072274]]],[[[98.367114,9.078513],[98.364842,9.079814],[98.36733,9.082856],[98.367114,9.078513],[98.367114,9.078513]]],[[[97.813871,9.060247],[97.805677,9.070997],[97.809252,9.084475],[97.813871,9.060247],[97.813871,9.060247]]],[[[98.351029,9.096287],[98.346962,9.100601],[98.349095,9.103146],[98.351029,9.096287],[98.351029,9.096287]]],[[[98.347122,9.105166],[98.34642,9.101811],[98.34447,9.104566],[98.347122,9.105166],[98.347122,9.105166]]],[[[98.306326,9.139514],[98.30558,9.141665],[98.306837,9.140804],[98.306326,9.139514],[98.306326,9.139514]]],[[[98.338248,9.147874],[98.337989,9.149745],[98.338952,9.149118],[98.338248,9.147874],[98.338248,9.147874]]],[[[98.289354,9.16747],[98.297577,9.139196],[98.324991,9.114792],[98.33432,9.080073],[98.30387,9.038385],[98.286655,9.028843],[98.246989,9.031612],[98.252093,9.084818],[98.249832,9.125202],[98.261716,9.141181],[98.263097,9.166429],[98.289354,9.16747],[98.289354,9.16747]]],[[[98.292261,9.164351],[98.290407,9.16806],[98.293296,9.165861],[98.292261,9.164351],[98.292261,9.164351]]],[[[98.33859,9.14319],[98.331401,9.126492],[98.313169,9.151036],[98.313514,9.179804],[98.33859,9.14319],[98.33859,9.14319]]],[[[98.364575,9.209038],[98.362461,9.210363],[98.361659,9.214765],[98.364575,9.209038],[98.364575,9.209038]]],[[[98.365872,9.214064],[98.365346,9.214139],[98.365685,9.216066],[98.365872,9.214064],[98.365872,9.214064]]],[[[98.364876,9.215217],[98.36414,9.2163],[98.36536,9.21731],[98.364876,9.215217],[98.364876,9.215217]]],[[[98.364015,9.216841],[98.363102,9.219468],[98.365162,9.219663],[98.364015,9.216841],[98.364015,9.216841]]],[[[98.346463,9.221355],[98.348406,9.21989],[98.346676,9.219293],[98.346463,9.221355],[98.346463,9.221355]]],[[[98.363052,9.220133],[98.363145,9.221965],[98.364125,9.22079],[98.363052,9.220133],[98.363052,9.220133]]],[[[98.353912,9.225037],[98.361037,9.211213],[98.353032,9.219508],[98.353912,9.225037],[98.353912,9.225037]]],[[[98.317048,9.25175],[98.289283,9.207962],[98.295699,9.196277],[98.283659,9.179059],[98.259639,9.168511],[98.26393,9.205965],[98.27381,9.2056],[98.297649,9.242559],[98.306152,9.264452],[98.317048,9.25175],[98.317048,9.25175]]],[[[98.324375,9.333034],[98.321028,9.334408],[98.323856,9.337621],[98.324375,9.333034],[98.324375,9.333034]]],[[[98.407742,9.347689],[98.417239,9.33536],[98.455269,9.316529],[98.470416,9.321555],[98.485378,9.307515],[98.50606,9.308902],[98.527386,9.296867],[98.531167,9.255542],[98.525,9.235326],[98.500454,9.213475],[98.493107,9.187031],[98.503295,9.154274],[98.483677,9.140107],[98.480576,9.123548],[98.494442,9.080646],[98.472989,9.06401],[98.475366,9.044024],[98.510938,8.99505],[98.450892,8.965086],[98.443099,8.945222],[98.455139,8.936678],[98.445996,8.895255],[98.505762,8.880704],[98.514829,8.860323],[98.53621,8.85658],[98.532642,8.845616],[98.553028,8.829325],[98.564473,8.807272],[98.598707,8.796834],[98.594798,8.712617],[98.570292,8.681718],[98.546253,8.674037],[98.536744,8.661942],[98.563924,8.63857],[98.604318,8.625686],[98.609681,8.635943],[98.637621,8.643396],[98.648071,8.659165],[98.684512,8.656317],[98.703438,8.631979],[98.707411,8.596373],[98.691064,8.576007],[98.681151,8.53742],[98.66221,8.490524],[98.650879,8.478253],[98.665433,8.46594],[98.663201,8.42526],[98.645146,8.415597],[98.659087,8.381097],[98.635432,8.375373],[98.609224,8.381997],[98.583288,8.358432],[98.576517,8.362695],[98.549307,8.340168],[98.511099,8.328757],[98.507162,8.342904],[98.492147,8.338826],[98.496059,8.318494],[98.47354,8.31667],[98.466366,8.281972],[98.453735,8.277913],[98.46833,8.220344],[98.469055,8.20298],[98.444134,8.191513],[98.436224,8.162625],[98.443403,8.151043],[98.426991,8.135559],[98.420825,8.158232],[98.407438,8.152839],[98.387046,8.12658],[98.373621,8.139567],[98.368244,8.168513],[98.35333,8.190755],[98.335518,8.180114],[98.324132,8.196353],[98.282019,8.205908],[98.277863,8.268106],[98.247669,8.39606],[98.233717,8.441933],[98.219629,8.507432],[98.205188,8.552652],[98.217761,8.587909],[98.223358,8.579306],[98.241849,8.598136],[98.232248,8.6251],[98.243248,8.62972],[98.246937,8.653763],[98.234369,8.721257],[98.222035,8.729051],[98.2503,8.742934],[98.261488,8.762429],[98.26258,8.783764],[98.252855,8.809635],[98.266066,8.828419],[98.263616,8.858189],[98.275118,8.866828],[98.288114,8.91459],[98.309125,8.9434],[98.322101,8.970837],[98.358775,8.983415],[98.361573,9.0025],[98.381337,9.016344],[98.389894,9.034509],[98.347956,9.002442],[98.319256,9.030856],[98.320364,9.041261],[98.345459,9.068062],[98.366792,9.069484],[98.385093,9.058401],[98.368612,9.080263],[98.365652,9.100041],[98.351825,9.095543],[98.340996,9.147253],[98.316289,9.193318],[98.329165,9.223048],[98.369021,9.207098],[98.366851,9.227519],[98.347001,9.235612],[98.368505,9.273337],[98.361104,9.284282],[98.378044,9.293428],[98.38785,9.33152],[98.401119,9.329473],[98.407742,9.347689],[98.407742,9.347689]]],[[[97.86709,9.374987],[97.870523,9.36809],[97.862497,9.370806],[97.86709,9.374987],[97.86709,9.374987]]],[[[97.896841,9.395781],[97.896158,9.394342],[97.891966,9.397894],[97.896841,9.395781],[97.896841,9.395781]]],[[[97.864977,9.42367],[97.88307,9.381117],[97.872549,9.378874],[97.859934,9.400408],[97.845587,9.403574],[97.864977,9.42367],[97.864977,9.42367]]],[[[97.833349,9.42544],[97.833906,9.419058],[97.828669,9.418589],[97.833349,9.42544],[97.833349,9.42544]]],[[[97.886274,9.46237],[97.904486,9.44842],[97.893553,9.44433],[97.901495,9.421293],[97.878923,9.442465],[97.871481,9.435228],[97.880503,9.414076],[97.852137,9.445871],[97.886274,9.46237],[97.886274,9.46237]]],[[[97.904284,9.478956],[97.905046,9.473051],[97.902555,9.478392],[97.904284,9.478956],[97.904284,9.478956]]]]}},{"type":"Feature","properties":{"ADM1_EN":"Phuket","ADM1_TH":"ภูเก็ต","ADM1_PCODE":"TH83","ADM0_EN":"Thailand","ADM0_TH":"ประเทศไทย"},"geometry":{"type":"MultiPolygon","coordinates":[[[[98.314366,7.478515],[98.313608,7.482518],[98.321462,7.493517],[98.314366,7.478515],[98.314366,7.478515]]],[[[98.333322,7.523577],[98.332031,7.511667],[98.321307,7.504384],[98.333322,7.523577],[98.333322,7.523577]]],[[[98.378259,7.610605],[98.362647,7.588452],[98.35929,7.608406],[98.378259,7.610605],[98.378259,7.610605]]],[[[98.29644,7.733054],[98.295945,7.738126],[98.29882,7.737826],[98.29644,7.733054],[98.29644,7.733054]]],[[[98.372769,7.745917],[98.380643,7.738668],[98.357214,7.738318],[98.372769,7.745917],[98.372769,7.745917]]],[[[98.301682,7.742485],[98.300145,7.749659],[98.304049,7.747172],[98.301682,7.742485],[98.301682,7.742485]]],[[[98.329189,7.752059],[98.3301,7.759828],[98.335518,7.762008],[98.329189,7.752059],[98.329189,7.752059]]],[[[98.30219,7.764862],[98.297833,7.764497],[98.298975,7.766922],[98.30219,7.764862],[98.30219,7.764862]]],[[[98.392665,7.756126],[98.389826,7.761697],[98.397869,7.767376],[98.392665,7.756126],[98.392665,7.756126]]],[[[98.481011,7.761733],[98.473549,7.750634],[98.475365,7.764211],[98.481011,7.761733],[98.481011,7.761733]]],[[[98.370934,7.795491],[98.38887,7.78145],[98.362287,7.780504],[98.370934,7.795491],[98.370934,7.795491]]],[[[98.285856,7.818776],[98.284465,7.819682],[98.287691,7.820623],[98.285856,7.818776],[98.285856,7.818776]]],[[[98.416289,7.83039],[98.417015,7.824992],[98.410009,7.829424],[98.416289,7.83039],[98.416289,7.83039]]],[[[98.424392,7.830737],[98.422033,7.833706],[98.424584,7.836269],[98.424392,7.830737],[98.424392,7.830737]]],[[[98.455545,7.922777],[98.455469,7.924589],[98.456591,7.923708],[98.455545,7.922777],[98.455545,7.922777]]],[[[98.44301,7.941948],[98.442375,7.94348],[98.443701,7.943765],[98.44301,7.941948],[98.44301,7.941948]]],[[[98.437873,7.94468],[98.437906,7.931802],[98.416574,7.929783],[98.418496,7.943422],[98.437873,7.94468],[98.437873,7.94468]]],[[[98.44948,7.961319],[98.452387,7.951082],[98.445217,7.955242],[98.44948,7.961319],[98.44948,7.961319]]],[[[98.452512,7.963877],[98.450348,7.964423],[98.453133,7.966074],[98.452512,7.963877],[98.452512,7.963877]]],[[[98.281947,8.032012],[98.284216,8.030638],[98.279869,8.029741],[98.281947,8.032012],[98.281947,8.032012]]],[[[98.46035,8.032474],[98.460445,8.022214],[98.458834,8.026739],[98.46035,8.032474],[98.46035,8.032474]]],[[[98.462753,8.062788],[98.471898,8.046583],[98.465737,8.038582],[98.462753,8.062788],[98.462753,8.062788]]],[[[98.450553,8.057838],[98.444118,8.057486],[98.449956,8.064349],[98.450553,8.057838],[98.450553,8.057838]]],[[[98.457783,8.094734],[98.456993,8.094843],[98.457934,8.095698],[98.457783,8.094734],[98.457783,8.094734]]],[[[98.415883,8.100292],[98.415219,8.097671],[98.415102,8.099047],[98.415883,8.100292],[98.415883,8.100292]]],[[[98.404836,8.107513],[98.399235,8.104022],[98.399231,8.106408],[98.404836,8.107513],[98.404836,8.107513]]],[[[98.423131,8.113892],[98.422919,8.115905],[98.424465,8.117367],[98.423131,8.113892],[98.423131,8.113892]]],[[[98.356115,8.130858],[98.35605,8.131499],[98.356628,8.13191],[98.356115,8.130858],[98.356115,8.130858]]],[[[98.359072,8.13633],[98.358873,8.135545],[98.35873,8.135699],[98.359072,8.13633],[98.359072,8.13633]]],[[[98.297637,8.199088],[98.337021,8.172893],[98.351454,8.112962],[98.373585,8.118553],[98.38587,8.085337],[98.406426,8.079783],[98.424707,8.100435],[98.438981,8.092112],[98.436338,8.066657],[98.410244,8.028733],[98.41051,8.002576],[98.422917,7.987753],[98.406751,7.9902],[98.392825,7.978463],[98.398626,7.943095],[98.428663,7.896787],[98.441132,7.915214],[98.440702,7.882313],[98.416881,7.869625],[98.409352,7.87779],[98.391473,7.851776],[98.407835,7.835027],[98.402295,7.812037],[98.385843,7.808602],[98.378967,7.836122],[98.348743,7.827558],[98.333325,7.786285],[98.338631,7.780952],[98.303962,7.761045],[98.303684,7.777914],[98.288464,7.775586],[98.298798,7.803497],[98.289228,7.858362],[98.27289,7.868739],[98.262532,7.890326],[98.290676,7.887417],[98.296923,7.906362],[98.275933,7.92416],[98.263048,7.923851],[98.262073,7.948349],[98.281886,7.952536],[98.276012,7.983445],[98.292482,8.002272],[98.283419,8.035539],[98.275826,8.033726],[98.272529,8.078328],[98.296352,8.087938],[98.301104,8.122474],[98.2858,8.199856],[98.297637,8.199088],[98.297637,8.199088]]]]}},{"type":"Feature","properties":{"ADM1_EN":"Surat Thani","ADM1_TH":"สุราษฎร์ธานี","ADM1_PCODE":"TH84","ADM0_EN":"Thailand","ADM0_TH":"ประเทศไทย"},"geometry":{"type":"MultiPolygon","coordinates":[[[[99.96396,9.309907],[99.960118,9.303392],[99.950665,9.311456],[99.96396,9.309907],[99.96396,9.309907]]],[[[99.91567,9.308543],[99.909082,9.31448],[99.915246,9.314583],[99.91567,9.308543],[99.91567,9.308543]]],[[[99.8921,9.306769],[99.890362,9.315624],[99.892476,9.317521],[99.8921,9.306769],[99.8921,9.306769]]],[[[99.70366,9.329383],[99.702986,9.332497],[99.704644,9.331987],[99.70366,9.329383],[99.70366,9.329383]]],[[[99.920472,9.344307],[99.9216,9.345734],[99.922329,9.345364],[99.920472,9.344307],[99.920472,9.344307]]],[[[99.720474,9.349205],[99.719418,9.350279],[99.721664,9.349816],[99.720474,9.349205],[99.720474,9.349205]]],[[[99.68283,9.353776],[99.684496,9.350945],[99.680022,9.351754],[99.68283,9.353776],[99.68283,9.353776]]],[[[99.982652,9.378069],[99.972022,9.366579],[99.976848,9.378201],[99.982652,9.378069],[99.982652,9.378069]]],[[[99.953104,9.396129],[99.957223,9.360356],[99.927038,9.357198],[99.934271,9.380717],[99.953104,9.396129],[99.953104,9.396129]]],[[[99.667204,9.378721],[99.664445,9.398545],[99.67687,9.394246],[99.667204,9.378721],[99.667204,9.378721]]],[[[99.671465,9.407296],[99.670458,9.407977],[99.671663,9.4084],[99.671465,9.407296],[99.671465,9.407296]]],[[[99.672602,9.410505],[99.673183,9.412817],[99.67375,9.411953],[99.672602,9.410505],[99.672602,9.410505]]],[[[99.896823,9.425747],[99.896462,9.428389],[99.898234,9.428418],[99.896823,9.425747],[99.896823,9.425747]]],[[[99.672125,9.425078],[99.666443,9.428987],[99.673905,9.43287],[99.672125,9.425078],[99.672125,9.425078]]],[[[99.893365,9.433778],[99.892943,9.435918],[99.894955,9.435166],[99.893365,9.433778],[99.893365,9.433778]]],[[[99.893267,9.436697],[99.892569,9.437685],[99.893079,9.437986],[99.893267,9.436697],[99.893267,9.436697]]],[[[99.90046,9.438054],[99.899506,9.439635],[99.900698,9.43979],[99.90046,9.438054],[99.90046,9.438054]]],[[[99.901302,9.44393],[99.900233,9.443349],[99.900609,9.444303],[99.901302,9.44393],[99.901302,9.44393]]],[[[99.653314,9.4482],[99.652569,9.442078],[99.649619,9.446746],[99.653314,9.4482],[99.653314,9.4482]]],[[[99.67827,9.461669],[99.666921,9.467729],[99.681386,9.46913],[99.67827,9.461669],[99.67827,9.461669]]],[[[99.677258,9.472625],[99.676779,9.473113],[99.677719,9.473651],[99.677258,9.472625],[99.677258,9.472625]]],[[[99.698384,9.481517],[99.695846,9.480493],[99.696304,9.483437],[99.698384,9.481517],[99.698384,9.481517]]],[[[99.705358,9.507334],[99.701379,9.508863],[99.705698,9.511752],[99.705358,9.507334],[99.705358,9.507334]]],[[[99.712472,9.52224],[99.711912,9.519837],[99.709883,9.52037],[99.712472,9.52224],[99.712472,9.52224]]],[[[100.083467,9.541013],[100.08701,9.53437],[100.081801,9.534737],[100.083467,9.541013],[100.083467,9.541013]]],[[[99.673801,9.540856],[99.673084,9.542615],[99.675015,9.543321],[99.673801,9.540856],[99.673801,9.540856]]],[[[99.694733,9.550133],[99.694281,9.550479],[99.695233,9.551445],[99.694733,9.550133],[99.694733,9.550133]]],[[[99.690072,9.553453],[99.708081,9.546644],[99.699819,9.51003],[99.68321,9.505777],[99.661001,9.514604],[99.667973,9.538072],[99.690072,9.553453],[99.690072,9.553453]]],[[[99.69053,9.555384],[99.690246,9.555632],[99.690665,9.555743],[99.69053,9.555384],[99.69053,9.555384]]],[[[99.685366,9.554081],[99.682504,9.556801],[99.684976,9.55733],[99.685366,9.554081],[99.685366,9.554081]]],[[[99.664237,9.543124],[99.658608,9.544669],[99.666344,9.557633],[99.664237,9.543124],[99.664237,9.543124]]],[[[99.66876,9.559213],[99.6687,9.559995],[99.669079,9.559607],[99.66876,9.559213],[99.66876,9.559213]]],[[[100.088001,9.574213],[100.089144,9.572557],[100.086803,9.573293],[100.088001,9.574213],[100.088001,9.574213]]],[[[100.051846,9.590851],[100.051407,9.591889],[100.053122,9.593493],[100.051846,9.590851],[100.051846,9.590851]]],[[[100.069121,9.593519],[100.090592,9.569998],[100.062493,9.528917],[100.05606,9.502272],[100.073963,9.470744],[100.049136,9.467809],[100.029584,9.45091],[100.017268,9.424108],[99.98303,9.420947],[99.965774,9.408858],[99.935184,9.425617],[99.932851,9.467358],[99.91877,9.491299],[99.934418,9.500066],[99.933741,9.539438],[99.915182,9.570726],[99.982791,9.587365],[99.99976,9.570389],[100.05057,9.557304],[100.061945,9.566065],[100.069121,9.593519],[100.069121,9.593519]]],[[[100.057837,9.594364],[100.061294,9.592512],[100.057603,9.590992],[100.057837,9.594364],[100.057837,9.594364]]],[[[99.720175,9.589589],[99.721125,9.594703],[99.723041,9.592602],[99.720175,9.589589],[99.720175,9.589589]]],[[[99.717459,9.603054],[99.715557,9.60134],[99.714152,9.602613],[99.717459,9.603054],[99.717459,9.603054]]],[[[99.720498,9.620174],[99.720655,9.619604],[99.720283,9.61969],[99.720498,9.620174],[99.720498,9.620174]]],[[[99.713171,9.602691],[99.711083,9.619755],[99.714851,9.612715],[99.713171,9.602691],[99.713171,9.602691]]],[[[99.720519,9.620203],[99.720317,9.620274],[99.720399,9.620518],[99.720519,9.620203],[99.720519,9.620203]]],[[[99.669412,9.641281],[99.684687,9.615548],[99.672516,9.607441],[99.661178,9.636901],[99.669412,9.641281],[99.669412,9.641281]]],[[[99.674739,9.642601],[99.676157,9.638781],[99.673524,9.638462],[99.674739,9.642601],[99.674739,9.642601]]],[[[99.673098,9.642783],[99.672862,9.643071],[99.673289,9.643242],[99.673098,9.642783],[99.673098,9.642783]]],[[[99.668178,9.651613],[99.659124,9.654729],[99.664864,9.661474],[99.668178,9.651613],[99.668178,9.651613]]],[[[99.658905,9.660785],[99.658102,9.662084],[99.659629,9.662306],[99.658905,9.660785],[99.658905,9.660785]]],[[[99.667734,9.662705],[99.66731,9.663312],[99.667799,9.66346],[99.667734,9.662705],[99.667734,9.662705]]],[[[99.675593,9.661848],[99.676114,9.66525],[99.677346,9.664218],[99.675593,9.661848],[99.675593,9.661848]]],[[[99.689099,9.664461],[99.680895,9.650949],[99.679672,9.665496],[99.689099,9.664461],[99.689099,9.664461]]],[[[99.668543,9.665338],[99.662358,9.666157],[99.663893,9.670474],[99.668543,9.665338],[99.668543,9.665338]]],[[[99.677634,9.669245],[99.676605,9.671374],[99.678568,9.671209],[99.677634,9.669245],[99.677634,9.669245]]],[[[99.680477,9.670389],[99.680184,9.673935],[99.681477,9.67171],[99.680477,9.670389],[99.680477,9.670389]]],[[[99.669302,9.675273],[99.669429,9.672125],[99.667517,9.672728],[99.669302,9.675273],[99.669302,9.675273]]],[[[99.679062,9.676743],[99.678057,9.674507],[99.675826,9.676482],[99.679062,9.676743],[99.679062,9.676743]]],[[[99.659531,9.677059],[99.659025,9.677843],[99.659808,9.677599],[99.659531,9.677059],[99.659531,9.677059]]],[[[99.663271,9.675435],[99.663037,9.677109],[99.664402,9.677672],[99.663271,9.675435],[99.663271,9.675435]]],[[[99.677817,9.681163],[99.676427,9.680282],[99.675973,9.68115],[99.677817,9.681163],[99.677817,9.681163]]],[[[99.667204,9.68016],[99.665724,9.681362],[99.667423,9.682445],[99.667204,9.68016],[99.667204,9.68016]]],[[[99.68423,9.681316],[99.682068,9.676193],[99.679234,9.680899],[99.68423,9.681316],[99.68423,9.681316]]],[[[99.677814,9.686175],[99.677463,9.686338],[99.677664,9.686699],[99.677814,9.686175],[99.677814,9.686175]]],[[[99.674108,9.688644],[99.675957,9.686086],[99.674769,9.685917],[99.674108,9.688644],[99.674108,9.688644]]],[[[99.661583,9.697336],[99.663078,9.697167],[99.661355,9.696395],[99.661583,9.697336],[99.661583,9.697336]]],[[[99.679334,9.698254],[99.680121,9.700268],[99.680598,9.699359],[99.679334,9.698254],[99.679334,9.698254]]],[[[99.664657,9.703409],[99.663241,9.701653],[99.662255,9.703368],[99.664657,9.703409],[99.664657,9.703409]]],[[[99.6773,9.704845],[99.67816,9.692903],[99.670401,9.694978],[99.6773,9.704845],[99.6773,9.704845]]],[[[99.950153,9.706787],[99.946067,9.702083],[99.943128,9.705216],[99.950153,9.706787],[99.950153,9.706787]]],[[[99.674823,9.707012],[99.675226,9.705294],[99.674195,9.705407],[99.674823,9.707012],[99.674823,9.707012]]],[[[99.676667,9.707294],[99.675469,9.707124],[99.675971,9.70802],[99.676667,9.707294],[99.676667,9.707294]]],[[[99.67441,9.707816],[99.674222,9.708506],[99.674802,9.708457],[99.67441,9.707816],[99.67441,9.707816]]],[[[99.676576,9.708849],[99.675664,9.708454],[99.67593,9.710673],[99.676576,9.708849],[99.676576,9.708849]]],[[[99.973907,9.710609],[99.975152,9.707645],[99.971972,9.705576],[99.973907,9.710609],[99.973907,9.710609]]],[[[98.882524,9.726051],[98.91049,9.723167],[98.951343,9.678387],[98.978257,9.681382],[98.987258,9.674676],[99.009775,9.698815],[99.042472,9.686327],[99.06687,9.702111],[99.134602,9.707536],[99.151147,9.694837],[99.158787,9.703822],[99.163161,9.67561],[99.177856,9.6435],[99.209672,9.599875],[99.209849,9.569338],[99.244766,9.479325],[99.26154,9.451762],[99.301592,9.409563],[99.279562,9.391466],[99.262489,9.36098],[99.239776,9.35379],[99.216535,9.330651],[99.215442,9.306368],[99.226482,9.276786],[99.224052,9.255986],[99.239719,9.235073],[99.276351,9.221673],[99.294089,9.237149],[99.321039,9.24558],[99.314209,9.222239],[99.344691,9.220385],[99.338377,9.209326],[99.362797,9.215906],[99.370322,9.189648],[99.416158,9.205725],[99.462966,9.198214],[99.492424,9.213391],[99.508895,9.259836],[99.530642,9.284748],[99.572249,9.27183],[99.614437,9.269731],[99.648734,9.304977],[99.680761,9.311132],[99.685432,9.332538],[99.731295,9.312472],[99.741187,9.327154],[99.764378,9.312134],[99.763259,9.291476],[99.771595,9.26089],[99.748111,9.263029],[99.753256,9.219594],[99.739049,9.199617],[99.74216,9.180966],[99.719881,9.145007],[99.73374,9.127135],[99.724561,9.112758],[99.740734,9.114245],[99.771943,9.098837],[99.763886,9.071678],[99.740672,9.0568],[99.744329,9.026893],[99.731111,9.006142],[99.722442,8.977348],[99.694187,8.974578],[99.688582,8.959474],[99.69641,8.935806],[99.620708,8.913778],[99.614165,8.927853],[99.595991,8.92541],[99.576245,8.911059],[99.574097,8.892002],[99.553471,8.876162],[99.55953,8.850875],[99.521628,8.845251],[99.527619,8.81102],[99.523645,8.762118],[99.53041,8.751273],[99.521881,8.719288],[99.49203,8.696908],[99.498529,8.68522],[99.479149,8.657964],[99.44872,8.63178],[99.456657,8.607357],[99.442494,8.599142],[99.413695,8.564143],[99.417708,8.552102],[99.400895,8.544142],[99.394819,8.513079],[99.37802,8.516194],[99.364583,8.501724],[99.3295,8.492863],[99.318775,8.475377],[99.286252,8.469344],[99.259583,8.448343],[99.249082,8.410384],[99.234491,8.397854],[99.241914,8.365233],[99.277622,8.347209],[99.290589,8.308681],[99.263941,8.300801],[99.231691,8.317872],[99.209647,8.335985],[99.201777,8.362698],[99.178569,8.371948],[99.150885,8.359563],[99.123344,8.366534],[99.036116,8.362281],[98.974791,8.409868],[98.948122,8.422564],[98.938766,8.443068],[98.950794,8.492051],[98.941704,8.53298],[98.931915,8.550848],[98.937785,8.577966],[98.916691,8.601642],[98.919733,8.61479],[98.902405,8.632503],[98.887976,8.681337],[98.839546,8.677349],[98.786745,8.650894],[98.768221,8.673869],[98.747643,8.67511],[98.723189,8.630812],[98.706706,8.628522],[98.684512,8.656317],[98.648071,8.659165],[98.637621,8.643396],[98.609681,8.635943],[98.604318,8.625686],[98.563924,8.63857],[98.536744,8.661942],[98.546253,8.674037],[98.570292,8.681718],[98.594798,8.712617],[98.598707,8.796834],[98.564473,8.807272],[98.553028,8.829325],[98.532642,8.845616],[98.53621,8.85658],[98.514829,8.860323],[98.505762,8.880704],[98.445996,8.895255],[98.455139,8.936678],[98.443099,8.945222],[98.450892,8.965086],[98.510938,8.99505],[98.475163,9.0445],[98.472989,9.06401],[98.494442,9.080646],[98.480576,9.123548],[98.483677,9.140107],[98.503295,9.154274],[98.493107,9.187031],[98.500454,9.213475],[98.525,9.235326],[98.531167,9.255542],[98.527386,9.296867],[98.50606,9.308902],[98.515564,9.330863],[98.547929,9.36117],[98.590081,9.364774],[98.611358,9.342329],[98.637579,9.356581],[98.656097,9.347673],[98.667192,9.35651],[98.674118,9.388466],[98.648878,9.387578],[98.654315,9.400206],[98.647853,9.427254],[98.666738,9.421694],[98.681499,9.435932],[98.66921,9.44784],[98.668877,9.466923],[98.694466,9.469899],[98.749115,9.535939],[98.768451,9.544561],[98.758831,9.574219],[98.737529,9.585822],[98.738277,9.598833],[98.767598,9.627112],[98.768875,9.686704],[98.787243,9.69356],[98.802382,9.687433],[98.81913,9.704315],[98.854462,9.709438],[98.862615,9.726323],[98.882524,9.726051],[98.882524,9.726051]]],[[[100.075019,9.764552],[100.073685,9.764818],[100.075187,9.767213],[100.075019,9.764552],[100.075019,9.764552]]],[[[99.668412,9.766335],[99.667773,9.767161],[99.668202,9.767703],[99.668412,9.766335],[99.668412,9.766335]]],[[[99.667995,9.768689],[99.667344,9.77092],[99.66912,9.769782],[99.667995,9.768689],[99.667995,9.768689]]],[[[99.67233,9.772511],[99.670069,9.769726],[99.670822,9.772315],[99.67233,9.772511],[99.67233,9.772511]]],[[[99.67343,9.777066],[99.673025,9.775064],[99.670773,9.776316],[99.67343,9.777066],[99.67343,9.777066]]],[[[99.672867,9.787393],[99.674251,9.782725],[99.671318,9.77894],[99.672867,9.787393],[99.672867,9.787393]]],[[[99.714001,9.796218],[99.714225,9.795655],[99.712945,9.796182],[99.714001,9.796218],[99.714001,9.796218]]],[[[99.713733,9.798863],[99.712188,9.800267],[99.71326,9.801484],[99.713733,9.798863],[99.713733,9.798863]]],[[[99.980304,9.802049],[99.980979,9.800207],[99.977655,9.800799],[99.980304,9.802049],[99.980304,9.802049]]],[[[100.027068,9.803976],[100.033559,9.793831],[100.062569,9.785941],[100.05708,9.77172],[100.072667,9.766519],[100.080984,9.733617],[100.075322,9.713905],[100.081662,9.697083],[100.070133,9.666376],[100.03954,9.693198],[99.981342,9.713225],[99.971705,9.75125],[99.960808,9.756974],[99.967122,9.785666],[99.99008,9.802933],[100.007355,9.787626],[100.027068,9.803976],[100.027068,9.803976]]],[[[99.813948,10.116102],[99.81558,10.115171],[99.813547,10.114389],[99.813948,10.116102],[99.813948,10.116102]]],[[[99.81629,10.118177],[99.816465,10.117289],[99.814722,10.117121],[99.81629,10.118177],[99.81629,10.118177]]],[[[99.814478,10.123014],[99.812651,10.118067],[99.810961,10.122831],[99.814478,10.123014],[99.814478,10.123014]]],[[[99.827978,10.124511],[99.838888,10.125522],[99.855895,10.09117],[99.838348,10.064409],[99.821587,10.064735],[99.827978,10.124511],[99.827978,10.124511]]]]}},{"type":"Feature","properties":{"ADM1_EN":"Ranong","ADM1_TH":"ระนอง","ADM1_PCODE":"TH85","ADM0_EN":"Thailand","ADM0_TH":"ประเทศไทย"},"geometry":{"type":"MultiPolygon","coordinates":[[[[98.352936,9.440758],[98.35453,9.436655],[98.34862,9.434167],[98.352936,9.440758],[98.352936,9.440758]]],[[[98.328459,9.457541],[98.326597,9.453279],[98.326376,9.457499],[98.328459,9.457541],[98.328459,9.457541]]],[[[98.381837,9.478361],[98.370921,9.478081],[98.368334,9.494805],[98.381837,9.478361],[98.381837,9.478361]]],[[[98.367525,9.499231],[98.366919,9.500711],[98.369688,9.503874],[98.367525,9.499231],[98.367525,9.499231]]],[[[98.331136,9.467592],[98.336892,9.490841],[98.35204,9.508448],[98.3516,9.488977],[98.331136,9.467592],[98.331136,9.467592]]],[[[98.354534,9.51039],[98.358825,9.517607],[98.360527,9.512385],[98.354534,9.51039],[98.354534,9.51039]]],[[[98.385373,9.572096],[98.384034,9.564566],[98.380703,9.564953],[98.385373,9.572096],[98.385373,9.572096]]],[[[98.515444,9.577499],[98.526442,9.574296],[98.512812,9.572123],[98.515444,9.577499],[98.515444,9.577499]]],[[[98.477935,9.581954],[98.489212,9.576675],[98.482507,9.571031],[98.477935,9.581954],[98.477935,9.581954]]],[[[98.520065,9.582389],[98.51241,9.583455],[98.513551,9.585969],[98.520065,9.582389],[98.520065,9.582389]]],[[[98.467888,9.573942],[98.4671,9.592293],[98.474157,9.585805],[98.467888,9.573942],[98.467888,9.573942]]],[[[98.469515,9.593275],[98.468676,9.596928],[98.470269,9.596286],[98.469515,9.593275],[98.469515,9.593275]]],[[[98.497626,9.620953],[98.49859,9.62483],[98.499125,9.622179],[98.497626,9.620953],[98.497626,9.620953]]],[[[98.50365,9.70918],[98.514875,9.703318],[98.508161,9.693654],[98.50365,9.70918],[98.50365,9.70918]]],[[[98.422485,9.717843],[98.425699,9.716705],[98.423607,9.713032],[98.422485,9.717843],[98.422485,9.717843]]],[[[98.503087,9.734033],[98.500581,9.730449],[98.500679,9.734186],[98.503087,9.734033],[98.503087,9.734033]]],[[[98.507587,9.734534],[98.505504,9.731325],[98.505563,9.734256],[98.507587,9.734534],[98.507587,9.734534]]],[[[98.486012,9.738977],[98.484959,9.731776],[98.48322,9.735627],[98.486012,9.738977],[98.486012,9.738977]]],[[[98.46672,9.774039],[98.466628,9.76965],[98.459925,9.76641],[98.46672,9.774039],[98.46672,9.774039]]],[[[98.415045,9.77042],[98.427266,9.73385],[98.400102,9.705283],[98.385664,9.731413],[98.388978,9.747359],[98.406613,9.748231],[98.415045,9.77042],[98.415045,9.77042]]],[[[98.446707,9.778134],[98.444563,9.781253],[98.449202,9.78682],[98.446707,9.778134],[98.446707,9.778134]]],[[[98.458076,9.863025],[98.474635,9.862054],[98.465638,9.842331],[98.468796,9.824104],[98.454776,9.816133],[98.454847,9.791194],[98.433077,9.80413],[98.432287,9.830664],[98.441814,9.834964],[98.436503,9.856939],[98.450957,9.874557],[98.458076,9.863025],[98.458076,9.863025]]],[[[98.515566,9.904656],[98.50861,9.899741],[98.508775,9.904099],[98.515566,9.904656],[98.515566,9.904656]]],[[[98.485263,9.913703],[98.48667,9.899717],[98.466348,9.895476],[98.485263,9.913703],[98.485263,9.913703]]],[[[98.521679,9.920644],[98.507668,9.907258],[98.513612,9.920479],[98.521679,9.920644],[98.521679,9.920644]]],[[[98.535983,9.917391],[98.53465,9.921344],[98.537166,9.921163],[98.535983,9.917391],[98.535983,9.917391]]],[[[98.487092,9.932805],[98.48237,9.926941],[98.479063,9.930746],[98.487092,9.932805],[98.487092,9.932805]]],[[[98.880202,10.788339],[98.897749,10.751942],[98.914345,10.747741],[98.894334,10.681599],[98.909253,10.691792],[98.908326,10.677475],[98.929703,10.672697],[98.927246,10.650035],[98.950862,10.636995],[98.945182,10.611823],[98.96487,10.605231],[98.956663,10.579396],[98.9411,10.569862],[98.9627,10.541717],[98.945045,10.517691],[98.92541,10.513628],[98.911917,10.491606],[98.894363,10.48254],[98.883988,10.457016],[98.896243,10.431073],[98.901472,10.397999],[98.928357,10.395221],[98.937127,10.383919],[98.930723,10.364848],[98.94201,10.359029],[98.940245,10.341393],[98.904306,10.297006],[98.899831,10.277698],[98.908988,10.266236],[98.890482,10.235956],[98.891129,10.22252],[98.875175,10.204372],[98.871151,10.18575],[98.888928,10.169197],[98.869562,10.153864],[98.860231,10.132222],[98.86613,10.104601],[98.835529,10.066641],[98.859331,10.061426],[98.892056,10.064572],[98.902969,10.054639],[98.904203,10.026413],[98.867105,9.995429],[98.841715,9.990911],[98.828166,9.977166],[98.823115,9.947479],[98.813961,9.936149],[98.780628,9.950373],[98.75405,9.93152],[98.751395,9.917543],[98.720375,9.893343],[98.718659,9.864061],[98.692905,9.833524],[98.682205,9.834674],[98.630326,9.778434],[98.639377,9.713562],[98.647,9.690913],[98.660193,9.678586],[98.648458,9.661571],[98.672366,9.654797],[98.703958,9.632136],[98.720541,9.629043],[98.736939,9.609948],[98.746441,9.577039],[98.758831,9.574219],[98.768451,9.544561],[98.749115,9.535939],[98.704096,9.485667],[98.694466,9.469899],[98.668877,9.466923],[98.66921,9.44784],[98.681499,9.435932],[98.666738,9.421694],[98.647853,9.427254],[98.654315,9.400206],[98.648878,9.387578],[98.674118,9.388466],[98.667192,9.35651],[98.656097,9.347673],[98.637579,9.356581],[98.611358,9.342329],[98.590081,9.364774],[98.547929,9.36117],[98.515564,9.330863],[98.50606,9.308902],[98.485378,9.307515],[98.470416,9.321555],[98.455269,9.316529],[98.417239,9.33536],[98.407586,9.348331],[98.401119,9.329473],[98.390468,9.33219],[98.398034,9.403536],[98.416627,9.407182],[98.428894,9.438663],[98.433709,9.494917],[98.455781,9.563343],[98.468514,9.543313],[98.512073,9.554083],[98.53343,9.568633],[98.508198,9.5955],[98.480646,9.592442],[98.465097,9.601928],[98.463345,9.628754],[98.478588,9.634743],[98.490831,9.617368],[98.510097,9.657325],[98.499823,9.652092],[98.485004,9.686314],[98.507993,9.67247],[98.540936,9.695174],[98.539117,9.706288],[98.557883,9.728962],[98.554225,9.748972],[98.539401,9.743381],[98.512396,9.753314],[98.506674,9.782915],[98.533879,9.790422],[98.534218,9.809107],[98.515795,9.853278],[98.529995,9.856421],[98.535435,9.882454],[98.560988,9.884869],[98.560706,9.919464],[98.587599,9.930862],[98.567041,9.956372],[98.577851,9.984875],[98.619479,10.056162],[98.641534,10.118588],[98.639222,10.132374],[98.654454,10.166262],[98.671878,10.174045],[98.695244,10.204727],[98.729094,10.295113],[98.743147,10.325183],[98.75412,10.39006],[98.768348,10.408534],[98.780629,10.440697],[98.800163,10.448693],[98.809412,10.472081],[98.800173,10.480897],[98.814924,10.493983],[98.817415,10.547358],[98.798794,10.56148],[98.809702,10.58211],[98.79874,10.604893],[98.779897,10.603931],[98.773115,10.61692],[98.782911,10.646972],[98.779862,10.678891],[98.801277,10.706906],[98.818828,10.719709],[98.838344,10.752175],[98.862784,10.778817],[98.880202,10.788339],[98.880202,10.788339]]]]}},{"type":"Feature","properties":{"ADM1_EN":"Chumphon","ADM1_TH":"ชุมพร","ADM1_PCODE":"TH86","ADM0_EN":"Thailand","ADM0_TH":"ประเทศไทย"},"geometry":{"type":"MultiPolygon","coordinates":[[[[99.190669,10.048755],[99.186106,10.047602],[99.185761,10.056731],[99.190669,10.048755],[99.190669,10.048755]]],[[[99.185859,10.070593],[99.183127,10.069866],[99.185634,10.072303],[99.185859,10.070593],[99.185859,10.070593]]],[[[99.215819,10.117336],[99.215505,10.117794],[99.216042,10.118453],[99.215819,10.117336],[99.215819,10.117336]]],[[[99.165319,10.130068],[99.164897,10.131173],[99.165477,10.131035],[99.165319,10.130068],[99.165319,10.130068]]],[[[99.163525,10.13204],[99.163232,10.13061],[99.162125,10.132127],[99.163525,10.13204],[99.163525,10.13204]]],[[[99.179368,10.145448],[99.176674,10.140333],[99.176791,10.145442],[99.179368,10.145448],[99.179368,10.145448]]],[[[99.204837,10.148957],[99.202624,10.150227],[99.205135,10.150168],[99.204837,10.148957],[99.204837,10.148957]]],[[[99.217947,10.152843],[99.217737,10.157015],[99.218756,10.155174],[99.217947,10.152843],[99.217947,10.152843]]],[[[99.176634,10.16444],[99.176053,10.164449],[99.176362,10.164833],[99.176634,10.16444],[99.176634,10.16444]]],[[[99.221519,10.197119],[99.220904,10.196213],[99.220719,10.196894],[99.221519,10.197119],[99.221519,10.197119]]],[[[99.249208,10.198228],[99.248194,10.201806],[99.249501,10.200976],[99.249208,10.198228],[99.249208,10.198228]]],[[[99.249735,10.206516],[99.248388,10.209036],[99.249736,10.208747],[99.249735,10.206516],[99.249735,10.206516]]],[[[99.233824,10.221306],[99.233814,10.221017],[99.233206,10.221223],[99.233824,10.221306],[99.233824,10.221306]]],[[[99.249338,10.24596],[99.248363,10.246767],[99.249567,10.247886],[99.249338,10.24596],[99.249338,10.24596]]],[[[99.225242,10.24742],[99.222124,10.245987],[99.225025,10.24949],[99.225242,10.24742],[99.225242,10.24742]]],[[[99.226619,10.254107],[99.226081,10.256146],[99.227789,10.257097],[99.226619,10.254107],[99.226619,10.254107]]],[[[99.256861,10.248595],[99.252892,10.253124],[99.260681,10.259088],[99.256861,10.248595],[99.256861,10.248595]]],[[[99.234485,10.273561],[99.235479,10.271217],[99.232834,10.269559],[99.234485,10.273561],[99.234485,10.273561]]],[[[99.242065,10.290312],[99.24116,10.290879],[99.24177,10.291279],[99.242065,10.290312],[99.242065,10.290312]]],[[[99.245669,10.296884],[99.248827,10.295598],[99.247868,10.293877],[99.245669,10.296884],[99.245669,10.296884]]],[[[99.300641,10.320191],[99.301839,10.319639],[99.299288,10.317197],[99.300641,10.320191],[99.300641,10.320191]]],[[[99.280782,10.320648],[99.280508,10.324297],[99.283995,10.325417],[99.280782,10.320648],[99.280782,10.320648]]],[[[99.294787,10.347793],[99.294203,10.349345],[99.29532,10.34974],[99.294787,10.347793],[99.294787,10.347793]]],[[[99.164681,10.358618],[99.162773,10.359996],[99.164352,10.362235],[99.164681,10.358618],[99.164681,10.358618]]],[[[99.308815,10.360807],[99.308961,10.363649],[99.31106,10.364621],[99.308815,10.360807],[99.308815,10.360807]]],[[[99.323134,10.379265],[99.321567,10.373018],[99.320667,10.377062],[99.323134,10.379265],[99.323134,10.379265]]],[[[99.327483,10.380105],[99.327396,10.380916],[99.328549,10.381216],[99.327483,10.380105],[99.327483,10.380105]]],[[[99.293957,10.38773],[99.292857,10.392142],[99.29373,10.392869],[99.293957,10.38773],[99.293957,10.38773]]],[[[99.356725,10.405834],[99.351708,10.395979],[99.343238,10.395721],[99.356725,10.405834],[99.356725,10.405834]]],[[[99.313694,10.423433],[99.316376,10.426125],[99.317417,10.425408],[99.313694,10.423433],[99.313694,10.423433]]],[[[99.253232,10.446788],[99.253232,10.448999],[99.2544,10.449853],[99.253232,10.446788],[99.253232,10.446788]]],[[[99.301868,10.443117],[99.287477,10.436513],[99.298839,10.452502],[99.301868,10.443117],[99.301868,10.443117]]],[[[99.359716,10.464636],[99.357473,10.466444],[99.360232,10.466441],[99.359716,10.464636],[99.359716,10.464636]]],[[[99.369598,10.477004],[99.369098,10.477693],[99.369597,10.477889],[99.369598,10.477004],[99.369598,10.477004]]],[[[99.418153,10.485822],[99.417443,10.48552],[99.417626,10.487439],[99.418153,10.485822],[99.418153,10.485822]]],[[[99.419148,10.492669],[99.418526,10.493415],[99.421076,10.498565],[99.419148,10.492669],[99.419148,10.492669]]],[[[99.424688,10.505161],[99.423701,10.506046],[99.425349,10.506347],[99.424688,10.505161],[99.424688,10.505161]]],[[[99.377059,10.554943],[99.380656,10.560927],[99.379404,10.555923],[99.377059,10.554943],[99.377059,10.554943]]],[[[99.410261,10.698878],[99.40826,10.700695],[99.411249,10.703983],[99.410261,10.698878],[99.410261,10.698878]]],[[[99.530072,10.781051],[99.529041,10.781682],[99.529831,10.782087],[99.530072,10.781051],[99.530072,10.781051]]],[[[99.538371,10.799264],[99.537493,10.79989],[99.538497,10.800096],[99.538371,10.799264],[99.538371,10.799264]]],[[[99.49179,10.820339],[99.490598,10.822434],[99.491943,10.824379],[99.49179,10.820339],[99.49179,10.820339]]],[[[99.497573,10.838183],[99.496996,10.839301],[99.497634,10.839919],[99.497573,10.838183],[99.497573,10.838183]]],[[[99.490362,10.858951],[99.489878,10.852145],[99.470179,10.836477],[99.490362,10.858951],[99.490362,10.858951]]],[[[99.486465,10.861033],[99.486111,10.861267],[99.48643,10.861806],[99.486465,10.861033],[99.486465,10.861033]]],[[[99.490117,10.864263],[99.488627,10.864333],[99.489152,10.865499],[99.490117,10.864263],[99.490117,10.864263]]],[[[99.152033,11.033707],[99.151079,11.019129],[99.174951,11.000242],[99.200015,10.997119],[99.241076,10.971944],[99.266398,10.968543],[99.281285,10.958529],[99.289338,10.96894],[99.321122,10.97071],[99.336776,10.964299],[99.345141,10.975451],[99.406925,10.954767],[99.427403,10.971178],[99.469674,10.993561],[99.496525,10.988677],[99.489197,10.954206],[99.495786,10.925161],[99.519365,10.895655],[99.50168,10.862921],[99.483774,10.888242],[99.468148,10.873069],[99.441181,10.871543],[99.423367,10.795482],[99.408215,10.7618],[99.393845,10.744825],[99.379562,10.70788],[99.359504,10.691811],[99.358966,10.675419],[99.333941,10.680998],[99.315633,10.664596],[99.295866,10.620693],[99.280843,10.599948],[99.273943,10.543053],[99.243356,10.542012],[99.241385,10.510795],[99.265923,10.514717],[99.260895,10.5018],[99.232334,10.496133],[99.229146,10.46946],[99.242029,10.446921],[99.283881,10.411609],[99.285611,10.367716],[99.277603,10.354775],[99.258018,10.363796],[99.238818,10.343875],[99.210551,10.37004],[99.194851,10.372574],[99.160871,10.362886],[99.146293,10.342832],[99.153866,10.331744],[99.14867,10.31179],[99.154919,10.295046],[99.193978,10.265239],[99.20772,10.267916],[99.203047,10.251552],[99.22409,10.225677],[99.238495,10.237897],[99.241811,10.226003],[99.21365,10.209649],[99.196455,10.216328],[99.170342,10.151989],[99.154134,10.141416],[99.147613,10.119373],[99.156774,10.077089],[99.151665,10.072247],[99.16691,10.045776],[99.181958,10.043133],[99.176183,10.00747],[99.159588,10.010809],[99.151604,9.973003],[99.16049,9.94913],[99.15717,9.895403],[99.16552,9.860067],[99.149345,9.844687],[99.13841,9.81184],[99.146451,9.741422],[99.159562,9.702807],[99.151147,9.694837],[99.134602,9.707536],[99.06687,9.702111],[99.042472,9.686327],[99.009775,9.698815],[98.987258,9.674676],[98.939303,9.681441],[98.91049,9.723167],[98.899259,9.719775],[98.875143,9.731381],[98.854462,9.709438],[98.81913,9.704315],[98.805823,9.688926],[98.787243,9.69356],[98.768875,9.686704],[98.767598,9.627112],[98.739636,9.600877],[98.720541,9.629043],[98.703958,9.632136],[98.672366,9.654797],[98.648458,9.661571],[98.660193,9.678586],[98.647,9.690913],[98.630326,9.778434],[98.682205,9.834674],[98.692905,9.833524],[98.718659,9.864061],[98.720375,9.893343],[98.751395,9.917543],[98.75405,9.93152],[98.780628,9.950373],[98.813961,9.936149],[98.823115,9.947479],[98.828166,9.977166],[98.841715,9.990911],[98.867105,9.995429],[98.904203,10.026413],[98.902969,10.054639],[98.892056,10.064572],[98.859331,10.061426],[98.835529,10.066641],[98.86613,10.104601],[98.860231,10.132222],[98.869562,10.153864],[98.888928,10.169197],[98.871151,10.18575],[98.875175,10.204372],[98.891129,10.22252],[98.890482,10.235956],[98.908988,10.266236],[98.899831,10.277698],[98.904306,10.297006],[98.940245,10.341393],[98.94201,10.359029],[98.930723,10.364848],[98.937127,10.383919],[98.928357,10.395221],[98.901472,10.397999],[98.896243,10.431073],[98.883988,10.457016],[98.894363,10.48254],[98.911917,10.491606],[98.92541,10.513628],[98.945045,10.517691],[98.9627,10.541717],[98.9411,10.569862],[98.956663,10.579396],[98.96487,10.605231],[98.945182,10.611823],[98.950862,10.636995],[98.927246,10.650035],[98.929703,10.672697],[98.908326,10.677475],[98.909253,10.691792],[98.894334,10.681599],[98.895734,10.701026],[98.914345,10.747741],[98.897749,10.751942],[98.885381,10.784155],[98.90288,10.789605],[98.923178,10.827108],[98.935578,10.814528],[98.95781,10.811912],[99.011085,10.856514],[99.000327,10.880339],[99.005785,10.892719],[98.999295,10.92391],[99.023916,10.970676],[99.049653,10.962262],[99.054351,10.948311],[99.079506,10.955114],[99.093736,10.97325],[99.103803,11.01273],[99.128553,11.029718],[99.152033,11.033707],[99.152033,11.033707]]]]}},{"type":"Feature","properties":{"ADM1_EN":"Songkhla","ADM1_TH":"สงขลา","ADM1_PCODE":"TH90","ADM0_EN":"Thailand","ADM0_TH":"ประเทศไทย"},"geometry":{"type":"MultiPolygon","coordinates":[[[[100.597338,7.23755],[100.598159,7.233166],[100.595708,7.235444],[100.597338,7.23755],[100.597338,7.23755]]],[[[100.590693,7.253836],[100.590225,7.254131],[100.590803,7.254559],[100.590693,7.253836],[100.590693,7.253836]]],[[[100.590872,7.264412],[100.589927,7.26239],[100.587442,7.262797],[100.590872,7.264412],[100.590872,7.264412]]],[[[100.331822,7.936685],[100.336579,7.931798],[100.353043,7.850183],[100.373108,7.763239],[100.394919,7.678746],[100.429571,7.532682],[100.452452,7.454236],[100.484466,7.36779],[100.505871,7.321993],[100.534811,7.272592],[100.558537,7.24909],[100.572598,7.222401],[100.580647,7.230865],[100.622896,7.182299],[100.689904,7.077306],[100.73239,7.021736],[100.768252,6.98262],[100.809379,6.955096],[100.831463,6.951961],[100.849869,6.961437],[100.910412,6.907521],[100.946272,6.882731],[101.012487,6.85419],[101.066098,6.857092],[101.045557,6.845215],[101.044293,6.808751],[101.054373,6.801492],[101.028592,6.779572],[101.032117,6.745325],[101.017619,6.724941],[101.039578,6.719128],[101.039291,6.706365],[101.057395,6.71254],[101.063625,6.68451],[101.048871,6.66336],[101.068897,6.644194],[101.090122,6.642208],[101.105155,6.629541],[101.091506,6.615839],[101.080786,6.55488],[101.069249,6.544016],[101.043142,6.541634],[101.035687,6.51483],[101.042669,6.485826],[101.020614,6.487759],[100.999267,6.479056],[100.976929,6.486331],[100.972962,6.467872],[100.949031,6.442426],[100.93286,6.444508],[100.922118,6.426458],[100.917193,6.39883],[100.927559,6.36655],[100.920146,6.344718],[100.929243,6.328335],[100.912147,6.30342],[100.850087,6.290131],[100.841043,6.300424],[100.84898,6.314779],[100.82118,6.357824],[100.821545,6.414741],[100.810251,6.444658],[100.775969,6.463396],[100.752723,6.458458],[100.743476,6.470475],[100.738419,6.51029],[100.708916,6.470501],[100.686265,6.46533],[100.684643,6.454357],[100.652309,6.44293],[100.646493,6.45841],[100.626101,6.457921],[100.56136,6.4965],[100.519137,6.489185],[100.493649,6.509067],[100.495266,6.522757],[100.470533,6.520547],[100.459924,6.531263],[100.423597,6.51754],[100.359682,6.548205],[100.351282,6.57295],[100.324915,6.586306],[100.305819,6.611128],[100.326001,6.621431],[100.319446,6.653979],[100.327387,6.664227],[100.305803,6.668581],[100.290467,6.688802],[100.289577,6.710588],[100.263841,6.699159],[100.257274,6.711361],[100.240324,6.692058],[100.218199,6.703539],[100.204834,6.722225],[100.212758,6.768752],[100.199095,6.776699],[100.191396,6.810219],[100.220355,6.870289],[100.199183,6.906602],[100.168002,6.911716],[100.146319,6.925128],[100.121746,6.923865],[100.11994,6.936041],[100.101418,6.949336],[100.09469,6.965202],[100.079031,6.96325],[100.082828,6.998622],[100.06348,7.017115],[100.078011,7.036925],[100.063841,7.056812],[100.05722,7.10758],[100.060153,7.126524],[100.075044,7.14716],[100.123623,7.165557],[100.136149,7.152268],[100.156323,7.148749],[100.176162,7.175444],[100.220927,7.19231],[100.257999,7.197042],[100.282086,7.211266],[100.304609,7.208608],[100.314391,7.229495],[100.340724,7.24818],[100.341576,7.275336],[100.359709,7.277974],[100.356556,7.295969],[100.37862,7.301389],[100.382979,7.280578],[100.402149,7.262516],[100.424271,7.279388],[100.428138,7.310627],[100.410664,7.339722],[100.399462,7.398257],[100.382583,7.424992],[100.386468,7.511847],[100.355682,7.52782],[100.296014,7.495416],[100.260638,7.496598],[100.238409,7.536736],[100.216816,7.728266],[100.200671,7.777579],[100.177495,7.876479],[100.242025,7.886648],[100.266311,7.904674],[100.26598,7.914668],[100.308563,7.914092],[100.312009,7.936212],[100.331822,7.936685],[100.331822,7.936685]]]]}},{"type":"Feature","properties":{"ADM1_EN":"Satun","ADM1_TH":"สตูล","ADM1_PCODE":"TH91","ADM0_EN":"Thailand","ADM0_TH":"ประเทศไทย"},"geometry":{"type":"MultiPolygon","coordinates":[[[[100.090345,6.425736],[100.088057,6.426599],[100.089012,6.434732],[100.090345,6.425736],[100.090345,6.425736]]],[[[100.061805,6.445408],[100.060041,6.446431],[100.062987,6.452047],[100.061805,6.445408],[100.061805,6.445408]]],[[[100.102621,6.456735],[100.102134,6.452626],[100.100285,6.45405],[100.102621,6.456735],[100.102621,6.456735]]],[[[100.065452,6.459318],[100.072181,6.470801],[100.073679,6.465194],[100.065452,6.459318],[100.065452,6.459318]]],[[[99.366219,6.483849],[99.365558,6.485112],[99.366775,6.485704],[99.366219,6.483849],[99.366219,6.483849]]],[[[99.334683,6.486885],[99.332594,6.48855],[99.335681,6.488357],[99.334683,6.486885],[99.334683,6.486885]]],[[[99.177841,6.493308],[99.177608,6.494021],[99.179126,6.495466],[99.177841,6.493308],[99.177841,6.493308]]],[[[99.314446,6.485837],[99.283239,6.482769],[99.304802,6.499376],[99.314446,6.485837],[99.314446,6.485837]]],[[[99.179539,6.498451],[99.17912,6.499569],[99.18011,6.499026],[99.179539,6.498451],[99.179539,6.498451]]],[[[99.319099,6.498483],[99.317406,6.499008],[99.319654,6.500476],[99.319099,6.498483],[99.319099,6.498483]]],[[[99.18093,6.501585],[99.181814,6.501016],[99.180447,6.500912],[99.18093,6.501585],[99.18093,6.501585]]],[[[99.181947,6.501877],[99.181774,6.502724],[99.183357,6.503563],[99.181947,6.501877],[99.181947,6.501877]]],[[[99.18004,6.506565],[99.177096,6.502839],[99.177225,6.50567],[99.18004,6.506565],[99.18004,6.506565]]],[[[99.173928,6.506188],[99.172223,6.506355],[99.173437,6.508162],[99.173928,6.506188],[99.173928,6.506188]]],[[[99.173232,6.511748],[99.172846,6.513047],[99.174338,6.512785],[99.173232,6.511748],[99.173232,6.511748]]],[[[99.27005,6.513498],[99.270335,6.514375],[99.270922,6.514246],[99.27005,6.513498],[99.27005,6.513498]]],[[[99.175359,6.513933],[99.174105,6.514166],[99.174533,6.515458],[99.175359,6.513933],[99.175359,6.513933]]],[[[99.259281,6.512666],[99.260759,6.515041],[99.262147,6.514294],[99.259281,6.512666],[99.259281,6.512666]]],[[[99.186963,6.519305],[99.186358,6.519542],[99.187309,6.520536],[99.186963,6.519305],[99.186963,6.519305]]],[[[99.704845,6.523801],[99.701898,6.518952],[99.698917,6.522963],[99.704845,6.523801],[99.704845,6.523801]]],[[[99.269744,6.523877],[99.269211,6.524981],[99.270506,6.525081],[99.269744,6.523877],[99.269744,6.523877]]],[[[99.692963,6.526946],[99.6935,6.517728],[99.689238,6.524271],[99.692963,6.526946],[99.692963,6.526946]]],[[[99.991605,6.53938],[99.991233,6.538039],[99.990658,6.539056],[99.991605,6.53938],[99.991605,6.53938]]],[[[99.954976,6.538784],[99.954758,6.539453],[99.955367,6.539466],[99.954976,6.538784],[99.954976,6.538784]]],[[[99.165241,6.540567],[99.163494,6.54101],[99.164417,6.541731],[99.165241,6.540567],[99.165241,6.540567]]],[[[99.161233,6.53868],[99.183919,6.520211],[99.155372,6.525628],[99.161233,6.53868],[99.161233,6.53868]]],[[[99.260198,6.544841],[99.261524,6.540386],[99.254906,6.543261],[99.260198,6.544841],[99.260198,6.544841]]],[[[99.706994,6.548934],[99.706005,6.546492],[99.704851,6.548765],[99.706994,6.548934],[99.706994,6.548934]]],[[[99.955153,6.548803],[99.953567,6.550137],[99.956198,6.550243],[99.955153,6.548803],[99.955153,6.548803]]],[[[99.95878,6.551589],[99.957849,6.548725],[99.957128,6.550274],[99.95878,6.551589],[99.95878,6.551589]]],[[[99.351069,6.550485],[99.350484,6.550465],[99.350257,6.551815],[99.351069,6.550485],[99.351069,6.550485]]],[[[99.3458,6.552851],[99.345018,6.553839],[99.345945,6.554075],[99.3458,6.552851],[99.3458,6.552851]]],[[[99.98153,6.561061],[99.983327,6.561359],[99.980386,6.556747],[99.98153,6.561061],[99.98153,6.561061]]],[[[99.349797,6.55694],[99.346183,6.556815],[99.343246,6.571779],[99.349797,6.55694],[99.349797,6.55694]]],[[[99.468107,6.568973],[99.467703,6.57015],[99.46975,6.570782],[99.468107,6.568973],[99.468107,6.568973]]],[[[99.292858,6.56696],[99.325602,6.551394],[99.323056,6.523228],[99.313423,6.509402],[99.284068,6.508377],[99.286448,6.51887],[99.274252,6.55469],[99.277841,6.577087],[99.292858,6.56696],[99.292858,6.56696]]],[[[99.453828,6.577419],[99.453249,6.565833],[99.44356,6.555853],[99.453828,6.577419],[99.453828,6.577419]]],[[[99.290713,6.578527],[99.291773,6.57813],[99.291786,6.577388],[99.290713,6.578527],[99.290713,6.578527]]],[[[99.249699,6.581763],[99.258966,6.560155],[99.217811,6.538031],[99.179387,6.546085],[99.193757,6.577359],[99.215595,6.574968],[99.249699,6.581763],[99.249699,6.581763]]],[[[99.718905,6.581604],[99.717911,6.582425],[99.718856,6.582879],[99.718905,6.581604],[99.718905,6.581604]]],[[[99.973214,6.583067],[99.974578,6.584645],[99.974421,6.583567],[99.973214,6.583067],[99.973214,6.583067]]],[[[99.975097,6.584726],[99.975309,6.586279],[99.975939,6.58574],[99.975097,6.584726],[99.975097,6.584726]]],[[[99.457609,6.578523],[99.450646,6.585845],[99.454308,6.588111],[99.457609,6.578523],[99.457609,6.578523]]],[[[99.987623,6.592602],[99.986925,6.59277],[99.987033,6.594618],[99.987623,6.592602],[99.987623,6.592602]]],[[[99.699828,6.612273],[99.701375,6.606467],[99.698981,6.610912],[99.699828,6.612273],[99.699828,6.612273]]],[[[99.689621,6.616007],[99.687593,6.618292],[99.688892,6.622222],[99.689621,6.616007],[99.689621,6.616007]]],[[[99.693162,6.638683],[99.691239,6.641289],[99.693598,6.64395],[99.693162,6.638683],[99.693162,6.638683]]],[[[99.834198,6.653957],[99.833212,6.650209],[99.831666,6.653584],[99.834198,6.653957],[99.834198,6.653957]]],[[[99.692054,6.651007],[99.691094,6.651817],[99.691664,6.654649],[99.692054,6.651007],[99.692054,6.651007]]],[[[99.877081,6.654502],[99.875341,6.655482],[99.876557,6.656116],[99.877081,6.654502],[99.877081,6.654502]]],[[[99.949354,6.650206],[99.952541,6.657367],[99.951253,6.65247],[99.949354,6.650206],[99.949354,6.650206]]],[[[99.691479,6.656407],[99.690499,6.657767],[99.691177,6.657637],[99.691479,6.656407],[99.691479,6.656407]]],[[[99.949728,6.660313],[99.949251,6.661906],[99.950546,6.663292],[99.949728,6.660313],[99.949728,6.660313]]],[[[99.850468,6.667892],[99.849267,6.668054],[99.8492,6.668353],[99.850468,6.667892],[99.850468,6.667892]]],[[[99.689356,6.669186],[99.691397,6.665098],[99.689944,6.662386],[99.689356,6.669186],[99.689356,6.669186]]],[[[99.864224,6.670114],[99.844295,6.651404],[99.84807,6.6673],[99.864224,6.670114],[99.864224,6.670114]]],[[[99.844137,6.669453],[99.842856,6.672147],[99.844689,6.672197],[99.844137,6.669453],[99.844137,6.669453]]],[[[99.833918,6.674701],[99.832889,6.674015],[99.833103,6.676209],[99.833918,6.674701],[99.833918,6.674701]]],[[[99.907564,6.688236],[99.906767,6.684723],[99.904819,6.686445],[99.907564,6.688236],[99.907564,6.688236]]],[[[99.866605,6.686667],[99.859838,6.678577],[99.864049,6.690945],[99.866605,6.686667],[99.866605,6.686667]]],[[[99.861081,6.694215],[99.859031,6.690981],[99.856923,6.694989],[99.861081,6.694215],[99.861081,6.694215]]],[[[99.845224,6.701459],[99.842617,6.69683],[99.838635,6.699786],[99.845224,6.701459],[99.845224,6.701459]]],[[[99.871468,6.703234],[99.870719,6.703476],[99.871591,6.705152],[99.871468,6.703234],[99.871468,6.703234]]],[[[99.799208,6.70546],[99.798635,6.70592],[99.799208,6.705979],[99.799208,6.70546],[99.799208,6.70546]]],[[[99.887103,6.709032],[99.877588,6.699886],[99.873847,6.704869],[99.887103,6.709032],[99.887103,6.709032]]],[[[99.794629,6.709811],[99.794498,6.710913],[99.795266,6.711145],[99.794629,6.709811],[99.794629,6.709811]]],[[[99.671746,6.711791],[99.670943,6.706501],[99.669894,6.711331],[99.671746,6.711791],[99.671746,6.711791]]],[[[99.908886,6.70278],[99.915176,6.696044],[99.909328,6.68858],[99.908886,6.70278],[99.908886,6.70278]]],[[[99.889129,6.714644],[99.883001,6.716498],[99.892834,6.716147],[99.889129,6.714644],[99.889129,6.714644]]],[[[99.879664,6.711359],[99.872901,6.717533],[99.886873,6.712752],[99.879664,6.711359],[99.879664,6.711359]]],[[[99.818511,6.719802],[99.825185,6.718517],[99.80911,6.711688],[99.818511,6.719802],[99.818511,6.719802]]],[[[99.853003,6.732284],[99.866798,6.708282],[99.842201,6.707544],[99.853003,6.732284],[99.853003,6.732284]]],[[[99.66241,6.726685],[99.660906,6.726855],[99.657639,6.733536],[99.66241,6.726685],[99.66241,6.726685]]],[[[99.705711,6.735152],[99.708155,6.73357],[99.704934,6.730766],[99.705711,6.735152],[99.705711,6.735152]]],[[[99.648891,6.737224],[99.669197,6.697063],[99.684154,6.685014],[99.684302,6.644473],[99.67873,6.617051],[99.692517,6.604835],[99.690944,6.570683],[99.697894,6.542989],[99.689178,6.529357],[99.677534,6.539659],[99.669355,6.517145],[99.65333,6.503883],[99.639667,6.545448],[99.623751,6.566991],[99.613769,6.566423],[99.595643,6.598118],[99.612609,6.61831],[99.614679,6.660945],[99.639925,6.678253],[99.64186,6.738926],[99.648891,6.737224],[99.648891,6.737224]]],[[[99.763722,6.783021],[99.761141,6.778997],[99.760539,6.785023],[99.763722,6.783021],[99.763722,6.783021]]],[[[99.760793,6.786994],[99.760204,6.787127],[99.760703,6.787685],[99.760793,6.786994],[99.760793,6.786994]]],[[[99.776691,6.781324],[99.770252,6.779618],[99.76718,6.790839],[99.776691,6.781324],[99.776691,6.781324]]],[[[99.5284,6.797203],[99.529618,6.795594],[99.525289,6.794644],[99.5284,6.797203],[99.5284,6.797203]]],[[[99.505336,6.799146],[99.505612,6.800927],[99.506857,6.800637],[99.505336,6.799146],[99.505336,6.799146]]],[[[99.673141,6.81266],[99.672639,6.814146],[99.6732,6.814288],[99.673141,6.81266],[99.673141,6.81266]]],[[[99.666912,6.813598],[99.665692,6.815072],[99.666985,6.815034],[99.666912,6.813598],[99.666912,6.813598]]],[[[99.681723,6.832375],[99.681064,6.819431],[99.677123,6.822774],[99.681723,6.832375],[99.681723,6.832375]]],[[[99.591286,6.832384],[99.586901,6.828247],[99.585216,6.832881],[99.591286,6.832384],[99.591286,6.832384]]],[[[99.537274,6.833008],[99.53353,6.82347],[99.524501,6.828673],[99.537274,6.833008],[99.537274,6.833008]]],[[[99.698281,6.837874],[99.698037,6.838411],[99.698246,6.838503],[99.698281,6.837874],[99.698281,6.837874]]],[[[99.699965,6.83761],[99.69901,6.838502],[99.699559,6.839991],[99.699965,6.83761],[99.699965,6.83761]]],[[[99.540458,6.843713],[99.538833,6.84423],[99.539139,6.844966],[99.540458,6.843713],[99.540458,6.843713]]],[[[99.700893,6.845732],[99.700009,6.844927],[99.700614,6.846668],[99.700893,6.845732],[99.700893,6.845732]]],[[[99.701449,6.850176],[99.701933,6.84847],[99.700408,6.848471],[99.701449,6.850176],[99.701449,6.850176]]],[[[99.696549,6.852728],[99.698498,6.831909],[99.686752,6.818632],[99.68352,6.840622],[99.696549,6.852728],[99.696549,6.852728]]],[[[99.593759,6.851361],[99.589875,6.858515],[99.595741,6.857751],[99.593759,6.851361],[99.593759,6.851361]]],[[[99.571283,6.893239],[99.568455,6.89508],[99.56979,6.89666],[99.571283,6.893239],[99.571283,6.893239]]],[[[99.680181,6.899161],[99.680312,6.899006],[99.680073,6.899043],[99.680181,6.899161],[99.680181,6.899161]]],[[[99.54802,6.90766],[99.547217,6.909044],[99.548187,6.908522],[99.54802,6.90766],[99.54802,6.90766]]],[[[99.546683,6.911518],[99.547612,6.910285],[99.546703,6.910314],[99.546683,6.911518],[99.546683,6.911518]]],[[[99.545964,6.912512],[99.544393,6.913478],[99.545363,6.914746],[99.545964,6.912512],[99.545964,6.912512]]],[[[99.578497,6.979155],[99.583132,6.97613],[99.577562,6.976709],[99.578497,6.979155],[99.578497,6.979155]]],[[[99.705432,7.079509],[99.704753,7.079755],[99.705018,7.080237],[99.705432,7.079509],[99.705432,7.079509]]],[[[99.698072,7.092834],[99.701532,7.086874],[99.695821,7.087477],[99.698072,7.092834],[99.698072,7.092834]]],[[[99.948562,7.203699],[99.95877,7.19896],[99.961889,7.169073],[99.969143,7.166113],[100.000312,7.112109],[100.025967,7.102831],[100.05722,7.10758],[100.063841,7.056812],[100.078011,7.036925],[100.06348,7.017115],[100.082828,6.998622],[100.079031,6.96325],[100.09469,6.965202],[100.101418,6.949336],[100.11994,6.936041],[100.121746,6.923865],[100.146319,6.925128],[100.168002,6.911716],[100.199183,6.906602],[100.220355,6.870289],[100.202075,6.839955],[100.191396,6.810219],[100.199095,6.776699],[100.212758,6.768752],[100.205908,6.727844],[100.187815,6.718819],[100.176979,6.694812],[100.181031,6.65529],[100.167574,6.648033],[100.169674,6.608695],[100.178859,6.604288],[100.182962,6.573496],[100.17512,6.567334],[100.156435,6.579958],[100.154249,6.5228],[100.157991,6.479059],[100.120776,6.422716],[100.119161,6.442501],[100.098879,6.496903],[100.084746,6.494819],[100.099062,6.51897],[100.095405,6.54246],[100.079139,6.558296],[100.064428,6.516264],[100.052601,6.519196],[100.005218,6.564182],[99.989633,6.594644],[99.997596,6.605169],[99.948568,6.590666],[99.952995,6.620284],[99.97395,6.628031],[99.956225,6.662464],[99.93762,6.657252],[99.919975,6.676223],[99.923755,6.688482],[99.915211,6.723744],[99.877587,6.720801],[99.866563,6.746043],[99.841935,6.779108],[99.80681,6.774054],[99.800399,6.805848],[99.771928,6.842844],[99.750684,6.840019],[99.722251,6.854838],[99.697163,6.855853],[99.684545,6.896527],[99.681124,6.94422],[99.707702,6.955016],[99.701472,6.969554],[99.682256,6.964321],[99.670257,7.001703],[99.683941,7.012771],[99.669902,7.040739],[99.696974,7.076784],[99.70047,7.066798],[99.716127,7.091113],[99.713579,7.102448],[99.734928,7.109873],[99.739336,7.131864],[99.763334,7.123867],[99.831269,7.138032],[99.844264,7.161302],[99.872036,7.171242],[99.89053,7.186777],[99.934936,7.190405],[99.948562,7.203699],[99.948562,7.203699]]]]}},{"type":"Feature","properties":{"ADM1_EN":"Trang","ADM1_TH":"ตรัง","ADM1_PCODE":"TH92","ADM0_EN":"Thailand","ADM0_TH":"ประเทศไทย"},"geometry":{"type":"MultiPolygon","coordinates":[[[[99.475794,6.97262],[99.474001,6.977228],[99.476206,6.978254],[99.475794,6.97262],[99.475794,6.97262]]],[[[99.445137,7.01509],[99.444606,7.015284],[99.445183,7.01586],[99.445137,7.01509],[99.445137,7.01509]]],[[[99.448817,7.032274],[99.448212,7.032766],[99.448792,7.032803],[99.448817,7.032274],[99.448817,7.032274]]],[[[99.475703,7.02178],[99.469693,7.048871],[99.475433,7.038066],[99.475703,7.02178],[99.475703,7.02178]]],[[[99.398319,7.065992],[99.397741,7.066426],[99.398243,7.067349],[99.398319,7.065992],[99.398319,7.065992]]],[[[99.451934,7.073996],[99.451047,7.074759],[99.4519,7.074835],[99.451934,7.073996],[99.451934,7.073996]]],[[[99.395106,7.074254],[99.392557,7.074597],[99.394564,7.076494],[99.395106,7.074254],[99.395106,7.074254]]],[[[99.428885,7.103242],[99.426987,7.11329],[99.430875,7.10929],[99.428885,7.103242],[99.428885,7.103242]]],[[[99.579387,7.119935],[99.580128,7.11896],[99.579499,7.11862],[99.579387,7.119935],[99.579387,7.119935]]],[[[99.426295,7.115327],[99.421789,7.123723],[99.426316,7.119909],[99.426295,7.115327],[99.426295,7.115327]]],[[[99.55504,7.12679],[99.583266,7.113377],[99.615972,7.082251],[99.565217,7.094053],[99.55504,7.12679],[99.55504,7.12679]]],[[[99.699792,7.123712],[99.697256,7.124954],[99.702356,7.130533],[99.699792,7.123712],[99.699792,7.123712]]],[[[99.584192,7.134331],[99.583438,7.132373],[99.579333,7.133185],[99.584192,7.134331],[99.584192,7.134331]]],[[[99.639148,7.142698],[99.638691,7.143728],[99.639269,7.144128],[99.639148,7.142698],[99.639148,7.142698]]],[[[99.631199,7.143012],[99.63105,7.143514],[99.631446,7.144345],[99.631199,7.143012],[99.631199,7.143012]]],[[[99.651405,7.147688],[99.649946,7.153686],[99.652607,7.15063],[99.651405,7.147688],[99.651405,7.147688]]],[[[99.065034,7.205182],[99.052644,7.203098],[99.058163,7.216622],[99.065034,7.205182],[99.065034,7.205182]]],[[[99.359551,7.222409],[99.358263,7.222888],[99.358559,7.224405],[99.359551,7.222409],[99.359551,7.222409]]],[[[99.080194,7.228458],[99.081107,7.22001],[99.065306,7.216131],[99.080194,7.228458],[99.080194,7.228458]]],[[[99.474696,7.270728],[99.475419,7.272734],[99.475876,7.271204],[99.474696,7.270728],[99.474696,7.270728]]],[[[99.397869,7.26732],[99.429616,7.26698],[99.447204,7.250018],[99.409581,7.240571],[99.393878,7.226289],[99.394096,7.210653],[99.374659,7.210398],[99.365032,7.2248],[99.368698,7.267121],[99.382917,7.280662],[99.397869,7.26732],[99.397869,7.26732]]],[[[99.394932,7.303521],[99.396244,7.302193],[99.395058,7.30219],[99.394932,7.303521],[99.394932,7.303521]]],[[[99.409234,7.311857],[99.40649,7.313156],[99.41019,7.31478],[99.409234,7.311857],[99.409234,7.311857]]],[[[99.248055,7.333003],[99.259468,7.309056],[99.254855,7.298325],[99.248055,7.333003],[99.248055,7.333003]]],[[[99.249353,7.37753],[99.245291,7.380418],[99.248239,7.382003],[99.249353,7.37753],[99.249353,7.37753]]],[[[99.29183,7.390263],[99.306086,7.369199],[99.301933,7.353569],[99.283197,7.367458],[99.29183,7.390263],[99.29183,7.390263]]],[[[99.233034,7.405221],[99.234242,7.403171],[99.23308,7.40316],[99.233034,7.405221],[99.233034,7.405221]]],[[[99.231075,7.407093],[99.231828,7.404844],[99.229693,7.405348],[99.231075,7.407093],[99.231075,7.407093]]],[[[99.223769,7.417528],[99.223702,7.415991],[99.222864,7.417745],[99.223769,7.417528],[99.223769,7.417528]]],[[[99.211015,7.416187],[99.216423,7.400729],[99.196831,7.398113],[99.199634,7.435116],[99.211015,7.416187],[99.211015,7.416187]]],[[[99.304654,7.496046],[99.301106,7.490935],[99.29777,7.494064],[99.304654,7.496046],[99.304654,7.496046]]],[[[99.284194,7.547333],[99.283752,7.549062],[99.285362,7.548422],[99.284194,7.547333],[99.284194,7.547333]]],[[[99.2819,7.54478],[99.278082,7.547333],[99.281616,7.548414],[99.2819,7.54478],[99.2819,7.54478]]],[[[99.289743,7.560205],[99.290012,7.557361],[99.286899,7.557747],[99.289743,7.560205],[99.289743,7.560205]]],[[[99.658911,8.010932],[99.698433,7.991121],[99.713235,7.990171],[99.753082,8.007833],[99.756389,7.986571],[99.741405,7.952517],[99.72654,7.939885],[99.740446,7.926631],[99.731546,7.888284],[99.738982,7.875315],[99.732773,7.849018],[99.751446,7.832474],[99.757836,7.805156],[99.770668,7.789317],[99.767557,7.768339],[99.788163,7.742196],[99.783832,7.735058],[99.791845,7.700127],[99.816276,7.683122],[99.819479,7.668724],[99.808924,7.644788],[99.787709,7.644569],[99.809421,7.622352],[99.796904,7.590823],[99.837261,7.541307],[99.818696,7.521447],[99.822455,7.508769],[99.841805,7.499339],[99.853304,7.478573],[99.84877,7.465294],[99.860907,7.440693],[99.894185,7.397857],[99.896189,7.367223],[99.912398,7.319687],[99.939473,7.31651],[99.947103,7.265683],[99.932249,7.246662],[99.947019,7.223123],[99.948562,7.203699],[99.934936,7.190405],[99.89053,7.186777],[99.872036,7.171242],[99.844264,7.161302],[99.831269,7.138032],[99.763334,7.123867],[99.734594,7.136096],[99.720562,7.128235],[99.698623,7.13089],[99.668879,7.113962],[99.671051,7.125347],[99.65975,7.164545],[99.637716,7.164744],[99.604107,7.136687],[99.59528,7.158094],[99.58513,7.147189],[99.558163,7.208771],[99.52235,7.249726],[99.536113,7.295719],[99.508241,7.308049],[99.486556,7.308381],[99.472088,7.284505],[99.430186,7.299829],[99.411432,7.315614],[99.398402,7.304546],[99.37522,7.339991],[99.338925,7.377856],[99.349184,7.40216],[99.34473,7.440233],[99.326778,7.495144],[99.307897,7.513024],[99.29426,7.512628],[99.313787,7.537338],[99.279134,7.600915],[99.278108,7.628126],[99.26148,7.616589],[99.232638,7.632484],[99.251835,7.638903],[99.270799,7.67414],[99.297385,7.687629],[99.309659,7.705697],[99.312723,7.729178],[99.30553,7.756],[99.28901,7.762441],[99.303221,7.808189],[99.287147,7.810055],[99.294202,7.825098],[99.278167,7.846365],[99.287517,7.859116],[99.314825,7.865774],[99.332044,7.883031],[99.338273,7.913115],[99.333775,7.928792],[99.355652,7.932418],[99.364577,7.94453],[99.397962,7.924573],[99.41986,7.920486],[99.414271,7.899512],[99.427128,7.87542],[99.443342,7.880497],[99.471935,7.904417],[99.478948,7.882501],[99.508953,7.884864],[99.51722,7.876083],[99.539312,7.882316],[99.53551,7.898544],[99.547598,7.918362],[99.56259,7.923958],[99.571683,7.946782],[99.580302,7.944734],[99.602742,7.985587],[99.615718,7.98766],[99.631448,8.009618],[99.658911,8.010932],[99.658911,8.010932]]]]}},{"type":"Feature","properties":{"ADM1_EN":"Phatthalung","ADM1_TH":"พัทลุง","ADM1_PCODE":"TH93","ADM0_EN":"Thailand","ADM0_TH":"ประเทศไทย"},"geometry":{"type":"MultiPolygon","coordinates":[[[[99.964158,7.90199],[99.966028,7.876586],[100.019009,7.845014],[100.055957,7.838055],[100.071499,7.845599],[100.09793,7.875721],[100.131307,7.876745],[100.139726,7.868502],[100.177495,7.876479],[100.200671,7.777579],[100.216816,7.728266],[100.238409,7.536736],[100.260638,7.496598],[100.296014,7.495416],[100.355682,7.52782],[100.386468,7.511847],[100.382583,7.424992],[100.399462,7.398257],[100.410664,7.339722],[100.428138,7.310627],[100.424271,7.279388],[100.402149,7.262516],[100.382979,7.280578],[100.373917,7.304336],[100.356556,7.295969],[100.359709,7.277974],[100.341576,7.275336],[100.340724,7.24818],[100.314391,7.229495],[100.306026,7.209784],[100.282086,7.211266],[100.257999,7.197042],[100.220927,7.19231],[100.176162,7.175444],[100.156323,7.148749],[100.136149,7.152268],[100.123623,7.165557],[100.075044,7.14716],[100.060153,7.126524],[100.067726,7.111925],[100.025967,7.102831],[100.000312,7.112109],[99.969143,7.166113],[99.961889,7.169073],[99.947019,7.223123],[99.932249,7.246662],[99.947103,7.265683],[99.939473,7.31651],[99.912398,7.319687],[99.896189,7.367223],[99.894185,7.397857],[99.860907,7.440693],[99.84877,7.465294],[99.853304,7.478573],[99.841805,7.499339],[99.822455,7.508769],[99.818696,7.521447],[99.837261,7.541307],[99.796904,7.590823],[99.809421,7.622352],[99.787709,7.644569],[99.808924,7.644788],[99.819479,7.668724],[99.816276,7.683122],[99.791845,7.700127],[99.783832,7.735058],[99.788163,7.742196],[99.76555,7.776838],[99.770668,7.789317],[99.757836,7.805156],[99.751446,7.832474],[99.732773,7.849018],[99.738247,7.858896],[99.759856,7.858323],[99.782337,7.87891],[99.808378,7.892877],[99.819339,7.884004],[99.841752,7.891137],[99.869329,7.887211],[99.883145,7.893489],[99.921709,7.868028],[99.964158,7.90199],[99.964158,7.90199]]]]}},{"type":"Feature","properties":{"ADM1_EN":"Pattani","ADM1_TH":"ปัตตานี","ADM1_PCODE":"TH94","ADM0_EN":"Thailand","ADM0_TH":"ประเทศไทย"},"geometry":{"type":"MultiPolygon","coordinates":[[[[101.282653,6.952051],[101.319934,6.933189],[101.354019,6.905727],[101.385708,6.894984],[101.462394,6.881346],[101.482994,6.87042],[101.520245,6.860555],[101.526295,6.865017],[101.546834,6.844736],[101.557593,6.845412],[101.628996,6.724161],[101.640887,6.715176],[101.667888,6.664733],[101.724842,6.576857],[101.705471,6.568048],[101.668929,6.57395],[101.643556,6.620123],[101.613415,6.633114],[101.576972,6.6194],[101.573664,6.601484],[101.596948,6.579642],[101.593689,6.566349],[101.563379,6.549859],[101.536779,6.556012],[101.517232,6.577747],[101.519142,6.591599],[101.504025,6.60444],[101.476832,6.594023],[101.458243,6.597244],[101.452358,6.577031],[101.421921,6.593454],[101.400809,6.57396],[101.347823,6.556724],[101.32542,6.572223],[101.306633,6.564697],[101.292561,6.614142],[101.302192,6.618135],[101.298942,6.64722],[101.284508,6.668921],[101.267586,6.644331],[101.24864,6.643984],[101.231892,6.615259],[101.212742,6.595697],[101.176224,6.599772],[101.127091,6.612904],[101.101184,6.637424],[101.068897,6.644194],[101.048871,6.66336],[101.063625,6.68451],[101.057395,6.71254],[101.039291,6.706365],[101.039578,6.719128],[101.017619,6.724941],[101.03013,6.737293],[101.028592,6.779572],[101.054373,6.801492],[101.044293,6.808751],[101.045557,6.845215],[101.066098,6.857092],[101.107996,6.861179],[101.159791,6.860363],[101.208961,6.870898],[101.238496,6.887823],[101.250161,6.902224],[101.284399,6.891228],[101.28922,6.877796],[101.309136,6.886435],[101.329962,6.871011],[101.346649,6.890123],[101.342989,6.910623],[101.330351,6.91028],[101.324058,6.928069],[101.312545,6.923005],[101.287161,6.947527],[101.239963,6.937206],[101.282653,6.952051],[101.282653,6.952051]]]]}},{"type":"Feature","properties":{"ADM1_EN":"Yala","ADM1_TH":"ยะลา","ADM1_PCODE":"TH95","ADM0_EN":"Thailand","ADM0_TH":"ประเทศไทย"},"geometry":{"type":"MultiPolygon","coordinates":[[[[101.292724,6.681118],[101.289219,6.664789],[101.298942,6.64722],[101.302192,6.618135],[101.292561,6.614142],[101.306633,6.564697],[101.32542,6.572223],[101.347823,6.556724],[101.400809,6.57396],[101.421921,6.593454],[101.452358,6.577031],[101.458243,6.597244],[101.476832,6.594023],[101.504025,6.60444],[101.519142,6.591599],[101.517232,6.577747],[101.536779,6.556012],[101.563379,6.549859],[101.592432,6.565602],[101.608875,6.544232],[101.561517,6.487683],[101.507616,6.451295],[101.46658,6.464656],[101.46917,6.42618],[101.457357,6.431738],[101.424886,6.422484],[101.417009,6.372688],[101.3986,6.359536],[101.387651,6.336578],[101.399757,6.317786],[101.393884,6.301549],[101.402653,6.271178],[101.394516,6.222867],[101.371368,6.209528],[101.386749,6.167372],[101.411684,6.157129],[101.427455,6.140556],[101.446543,6.082091],[101.466758,6.080252],[101.475647,6.065347],[101.475654,5.988291],[101.490067,5.937103],[101.489902,5.901189],[101.502222,5.889682],[101.484863,5.870299],[101.464789,5.876803],[101.455094,5.867818],[101.417264,5.876614],[101.391541,5.875881],[101.389485,5.858471],[101.37352,5.832417],[101.358929,5.833554],[101.345521,5.809079],[101.320907,5.812556],[101.314577,5.802709],[101.291141,5.816399],[101.263594,5.800918],[101.249935,5.760036],[101.259806,5.732628],[101.259794,5.712163],[101.23331,5.688171],[101.218144,5.687953],[101.214216,5.661416],[101.196103,5.649756],[101.172033,5.647907],[101.168395,5.636237],[101.135628,5.613038],[101.123129,5.661757],[101.110386,5.681707],[101.080941,5.709777],[101.082403,5.721124],[101.062282,5.72673],[101.061997,5.742249],[101.03403,5.73811],[101.017401,5.767385],[100.989638,5.783503],[100.983337,5.808331],[101.011724,5.838461],[101.008936,5.87383],[101.037829,5.917838],[101.0616,5.919359],[101.08473,5.909395],[101.095542,5.950242],[101.113386,5.960113],[101.123882,5.97713],[101.106871,5.99079],[101.107567,6.028165],[101.113766,6.03876],[101.100352,6.049785],[101.11472,6.091515],[101.125926,6.095272],[101.118209,6.114822],[101.089674,6.133939],[101.058442,6.143063],[101.085336,6.178654],[101.107614,6.179538],[101.126433,6.194153],[101.10494,6.239708],[101.111955,6.251283],[101.094581,6.260429],[101.063664,6.259465],[101.03207,6.244871],[101.012644,6.248711],[100.984046,6.277831],[100.946597,6.26314],[100.943791,6.24325],[100.917473,6.247882],[100.902114,6.233583],[100.872115,6.264549],[100.854963,6.231592],[100.835119,6.285978],[100.865142,6.297448],[100.888795,6.29568],[100.912147,6.30342],[100.928774,6.330919],[100.920146,6.344718],[100.927559,6.36655],[100.917193,6.39883],[100.922118,6.426458],[100.93286,6.444508],[100.949031,6.442426],[100.972962,6.467872],[100.976929,6.486331],[100.999267,6.479056],[101.020614,6.487759],[101.042669,6.485826],[101.035687,6.51483],[101.043142,6.541634],[101.069249,6.544016],[101.080786,6.55488],[101.091506,6.615839],[101.111381,6.62835],[101.127091,6.612904],[101.176224,6.599772],[101.212742,6.595697],[101.231892,6.615259],[101.24864,6.643984],[101.267586,6.644331],[101.292724,6.681118],[101.292724,6.681118]]]]}},{"type":"Feature","properties":{"ADM1_EN":"Narathiwat","ADM1_TH":"นราธิวาส","ADM1_PCODE":"TH96","ADM0_EN":"Thailand","ADM0_TH":"ประเทศไทย"},"geometry":{"type":"MultiPolygon","coordinates":[[[[101.632286,6.626224],[101.643556,6.620123],[101.668929,6.57395],[101.705471,6.568048],[101.724842,6.576857],[101.752873,6.534606],[101.816292,6.452915],[101.847214,6.432396],[101.874888,6.424321],[101.942424,6.347038],[101.981187,6.315963],[102.089048,6.244875],[102.080528,6.225758],[102.078498,6.173017],[102.092519,6.145262],[102.061181,6.102563],[102.052009,6.07847],[102.003191,6.049903],[101.971109,6.019057],[101.972528,6.005583],[101.943035,5.981972],[101.944492,5.95483],[101.932072,5.94442],[101.922436,5.90985],[101.929919,5.910021],[101.943205,5.872065],[101.91727,5.843021],[101.895425,5.843935],[101.880038,5.832128],[101.875971,5.805357],[101.866178,5.791272],[101.836337,5.789404],[101.819287,5.757635],[101.827878,5.737928],[101.817439,5.733002],[101.775391,5.768976],[101.776387,5.78357],[101.761799,5.794779],[101.740592,5.783502],[101.719146,5.788489],[101.715206,5.764697],[101.690207,5.756031],[101.687715,5.780566],[101.677055,5.782244],[101.658839,5.812043],[101.654129,5.87763],[101.641627,5.87024],[101.62314,5.87695],[101.614804,5.911256],[101.589379,5.918668],[101.58109,5.93451],[101.558288,5.919116],[101.540046,5.919087],[101.502222,5.889682],[101.489902,5.901189],[101.48619,5.956339],[101.475654,5.988291],[101.478478,6.047443],[101.466758,6.080252],[101.446543,6.082091],[101.427455,6.140556],[101.411684,6.157129],[101.386749,6.167372],[101.371368,6.209528],[101.394516,6.222867],[101.402653,6.271178],[101.393884,6.301549],[101.399757,6.317786],[101.387651,6.336578],[101.3986,6.359536],[101.417009,6.372688],[101.424886,6.422484],[101.457357,6.431738],[101.46917,6.42618],[101.46658,6.464656],[101.507616,6.451295],[101.561517,6.487683],[101.608875,6.544232],[101.592432,6.565602],[101.596948,6.579642],[101.573664,6.601484],[101.576972,6.6194],[101.613415,6.633114],[101.632286,6.626224],[101.632286,6.626224]]]]}}]}